date,state,fips,cases,deaths,population,cases_prop
2020-01-21,Washington,53,1,0,7614893,0.013132160885254724
2020-01-22,Washington,53,1,0,7614893,0.013132160885254724
2020-01-23,Washington,53,1,0,7614893,0.013132160885254724
2020-01-24,Illinois,17,1,0,12671821,0.007891525614195465
2020-01-24,Washington,53,1,0,7614893,0.013132160885254724
2020-01-25,California,06,1,0,39512223,0.0025308624118668293
2020-01-25,Illinois,17,1,0,12671821,0.007891525614195465
2020-01-25,Washington,53,1,0,7614893,0.013132160885254724
2020-01-26,Arizona,04,1,0,7278717,0.013738684990775159
2020-01-26,California,06,2,0,39512223,0.005061724823733659
2020-01-26,Illinois,17,1,0,12671821,0.007891525614195465
2020-01-26,Washington,53,1,0,7614893,0.013132160885254724
2020-01-27,Arizona,04,1,0,7278717,0.013738684990775159
2020-01-27,California,06,2,0,39512223,0.005061724823733659
2020-01-27,Illinois,17,1,0,12671821,0.007891525614195465
2020-01-27,Washington,53,1,0,7614893,0.013132160885254724
2020-01-28,Arizona,04,1,0,7278717,0.013738684990775159
2020-01-28,California,06,2,0,39512223,0.005061724823733659
2020-01-28,Illinois,17,1,0,12671821,0.007891525614195465
2020-01-28,Washington,53,1,0,7614893,0.013132160885254724
2020-01-29,Arizona,04,1,0,7278717,0.013738684990775159
2020-01-29,California,06,2,0,39512223,0.005061724823733659
2020-01-29,Illinois,17,1,0,12671821,0.007891525614195465
2020-01-29,Washington,53,1,0,7614893,0.013132160885254724
2020-01-30,Arizona,04,1,0,7278717,0.013738684990775159
2020-01-30,California,06,2,0,39512223,0.005061724823733659
2020-01-30,Illinois,17,2,0,12671821,0.01578305122839093
2020-01-30,Washington,53,1,0,7614893,0.013132160885254724
2020-01-31,Arizona,04,1,0,7278717,0.013738684990775159
2020-01-31,California,06,3,0,39512223,0.0075925872356004875
2020-01-31,Illinois,17,2,0,12671821,0.01578305122839093
2020-01-31,Washington,53,1,0,7614893,0.013132160885254724
2020-02-01,Arizona,04,1,0,7278717,0.013738684990775159
2020-02-01,California,06,3,0,39512223,0.0075925872356004875
2020-02-01,Illinois,17,2,0,12671821,0.01578305122839093
2020-02-01,Massachusetts,25,1,0,6949503,0.014389518214467998
2020-02-01,Washington,53,1,0,7614893,0.013132160885254724
2020-02-02,Arizona,04,1,0,7278717,0.013738684990775159
2020-02-02,California,06,6,0,39512223,0.015185174471200975
2020-02-02,Illinois,17,2,0,12671821,0.01578305122839093
2020-02-02,Massachusetts,25,1,0,6949503,0.014389518214467998
2020-02-02,Washington,53,1,0,7614893,0.013132160885254724
2020-02-03,Arizona,04,1,0,7278717,0.013738684990775159
2020-02-03,California,06,6,0,39512223,0.015185174471200975
2020-02-03,Illinois,17,2,0,12671821,0.01578305122839093
2020-02-03,Massachusetts,25,1,0,6949503,0.014389518214467998
2020-02-03,Washington,53,1,0,7614893,0.013132160885254724
2020-02-04,Arizona,04,1,0,7278717,0.013738684990775159
2020-02-04,California,06,6,0,39512223,0.015185174471200975
2020-02-04,Illinois,17,2,0,12671821,0.01578305122839093
2020-02-04,Massachusetts,25,1,0,6949503,0.014389518214467998
2020-02-04,Washington,53,1,0,7614893,0.013132160885254724
2020-02-05,Arizona,04,1,0,7278717,0.013738684990775159
2020-02-05,California,06,6,0,39512223,0.015185174471200975
2020-02-05,Illinois,17,2,0,12671821,0.01578305122839093
2020-02-05,Massachusetts,25,1,0,6949503,0.014389518214467998
2020-02-05,Washington,53,1,0,7614893,0.013132160885254724
2020-02-05,Wisconsin,55,1,0,5822434,0.017174947796746172
2020-02-06,Arizona,04,1,0,7278717,0.013738684990775159
2020-02-06,California,06,6,0,39512223,0.015185174471200975
2020-02-06,Illinois,17,2,0,12671821,0.01578305122839093
2020-02-06,Massachusetts,25,1,0,6949503,0.014389518214467998
2020-02-06,Washington,53,1,0,7614893,0.013132160885254724
2020-02-06,Wisconsin,55,1,0,5822434,0.017174947796746172
2020-02-07,Arizona,04,1,0,7278717,0.013738684990775159
2020-02-07,California,06,6,0,39512223,0.015185174471200975
2020-02-07,Illinois,17,2,0,12671821,0.01578305122839093
2020-02-07,Massachusetts,25,1,0,6949503,0.014389518214467998
2020-02-07,Washington,53,1,0,7614893,0.013132160885254724
2020-02-07,Wisconsin,55,1,0,5822434,0.017174947796746172
2020-02-08,Arizona,04,1,0,7278717,0.013738684990775159
2020-02-08,California,06,6,0,39512223,0.015185174471200975
2020-02-08,Illinois,17,2,0,12671821,0.01578305122839093
2020-02-08,Massachusetts,25,1,0,6949503,0.014389518214467998
2020-02-08,Washington,53,1,0,7614893,0.013132160885254724
2020-02-08,Wisconsin,55,1,0,5822434,0.017174947796746172
2020-02-09,Arizona,04,1,0,7278717,0.013738684990775159
2020-02-09,California,06,6,0,39512223,0.015185174471200975
2020-02-09,Illinois,17,2,0,12671821,0.01578305122839093
2020-02-09,Massachusetts,25,1,0,6949503,0.014389518214467998
2020-02-09,Washington,53,1,0,7614893,0.013132160885254724
2020-02-09,Wisconsin,55,1,0,5822434,0.017174947796746172
2020-02-10,Arizona,04,1,0,7278717,0.013738684990775159
2020-02-10,California,06,7,0,39512223,0.017716036883067804
2020-02-10,Illinois,17,2,0,12671821,0.01578305122839093
2020-02-10,Massachusetts,25,1,0,6949503,0.014389518214467998
2020-02-10,Washington,53,1,0,7614893,0.013132160885254724
2020-02-10,Wisconsin,55,1,0,5822434,0.017174947796746172
2020-02-11,Arizona,04,1,0,7278717,0.013738684990775159
2020-02-11,California,06,7,0,39512223,0.017716036883067804
2020-02-11,Illinois,17,2,0,12671821,0.01578305122839093
2020-02-11,Massachusetts,25,1,0,6949503,0.014389518214467998
2020-02-11,Washington,53,1,0,7614893,0.013132160885254724
2020-02-11,Wisconsin,55,1,0,5822434,0.017174947796746172
2020-02-12,Arizona,04,1,0,7278717,0.013738684990775159
2020-02-12,California,06,7,0,39512223,0.017716036883067804
2020-02-12,Illinois,17,2,0,12671821,0.01578305122839093
2020-02-12,Massachusetts,25,1,0,6949503,0.014389518214467998
2020-02-12,Texas,48,1,0,28995881,0.0034487657057221334
2020-02-12,Washington,53,1,0,7614893,0.013132160885254724
2020-02-12,Wisconsin,55,1,0,5822434,0.017174947796746172
2020-02-13,Arizona,04,1,0,7278717,0.013738684990775159
2020-02-13,California,06,7,0,39512223,0.017716036883067804
2020-02-13,Illinois,17,2,0,12671821,0.01578305122839093
2020-02-13,Massachusetts,25,1,0,6949503,0.014389518214467998
2020-02-13,Texas,48,2,0,28995881,0.006897531411444267
2020-02-13,Washington,53,1,0,7614893,0.013132160885254724
2020-02-13,Wisconsin,55,1,0,5822434,0.017174947796746172
2020-02-14,Arizona,04,1,0,7278717,0.013738684990775159
2020-02-14,California,06,7,0,39512223,0.017716036883067804
2020-02-14,Illinois,17,2,0,12671821,0.01578305122839093
2020-02-14,Massachusetts,25,1,0,6949503,0.014389518214467998
2020-02-14,Texas,48,2,0,28995881,0.006897531411444267
2020-02-14,Washington,53,1,0,7614893,0.013132160885254724
2020-02-14,Wisconsin,55,1,0,5822434,0.017174947796746172
2020-02-15,Arizona,04,1,0,7278717,0.013738684990775159
2020-02-15,California,06,7,0,39512223,0.017716036883067804
2020-02-15,Illinois,17,2,0,12671821,0.01578305122839093
2020-02-15,Massachusetts,25,1,0,6949503,0.014389518214467998
2020-02-15,Texas,48,2,0,28995881,0.006897531411444267
2020-02-15,Washington,53,1,0,7614893,0.013132160885254724
2020-02-15,Wisconsin,55,1,0,5822434,0.017174947796746172
2020-02-16,Arizona,04,1,0,7278717,0.013738684990775159
2020-02-16,California,06,7,0,39512223,0.017716036883067804
2020-02-16,Illinois,17,2,0,12671821,0.01578305122839093
2020-02-16,Massachusetts,25,1,0,6949503,0.014389518214467998
2020-02-16,Texas,48,2,0,28995881,0.006897531411444267
2020-02-16,Washington,53,1,0,7614893,0.013132160885254724
2020-02-16,Wisconsin,55,1,0,5822434,0.017174947796746172
2020-02-17,Arizona,04,1,0,7278717,0.013738684990775159
2020-02-17,California,06,7,0,39512223,0.017716036883067804
2020-02-17,Illinois,17,2,0,12671821,0.01578305122839093
2020-02-17,Massachusetts,25,1,0,6949503,0.014389518214467998
2020-02-17,Nebraska,31,10,0,1934408,0.5169540241769057
2020-02-17,Texas,48,2,0,28995881,0.006897531411444267
2020-02-17,Washington,53,1,0,7614893,0.013132160885254724
2020-02-17,Wisconsin,55,1,0,5822434,0.017174947796746172
2020-02-18,Arizona,04,1,0,7278717,0.013738684990775159
2020-02-18,California,06,7,0,39512223,0.017716036883067804
2020-02-18,Illinois,17,2,0,12671821,0.01578305122839093
2020-02-18,Massachusetts,25,1,0,6949503,0.014389518214467998
2020-02-18,Nebraska,31,10,0,1934408,0.5169540241769057
2020-02-18,Texas,48,2,0,28995881,0.006897531411444267
2020-02-18,Washington,53,1,0,7614893,0.013132160885254724
2020-02-18,Wisconsin,55,1,0,5822434,0.017174947796746172
2020-02-19,Arizona,04,1,0,7278717,0.013738684990775159
2020-02-19,California,06,7,0,39512223,0.017716036883067804
2020-02-19,Illinois,17,2,0,12671821,0.01578305122839093
2020-02-19,Massachusetts,25,1,0,6949503,0.014389518214467998
2020-02-19,Nebraska,31,10,0,1934408,0.5169540241769057
2020-02-19,Texas,48,2,0,28995881,0.006897531411444267
2020-02-19,Washington,53,1,0,7614893,0.013132160885254724
2020-02-19,Wisconsin,55,1,0,5822434,0.017174947796746172
2020-02-20,Arizona,04,1,0,7278717,0.013738684990775159
2020-02-20,California,06,8,0,39512223,0.020246899294934635
2020-02-20,Illinois,17,2,0,12671821,0.01578305122839093
2020-02-20,Massachusetts,25,1,0,6949503,0.014389518214467998
2020-02-20,Nebraska,31,11,0,1934408,0.5686494265945964
2020-02-20,Texas,48,2,0,28995881,0.006897531411444267
2020-02-20,Washington,53,1,0,7614893,0.013132160885254724
2020-02-20,Wisconsin,55,1,0,5822434,0.017174947796746172
2020-02-21,Arizona,04,1,0,7278717,0.013738684990775159
2020-02-21,California,06,9,0,39512223,0.02277776170680146
2020-02-21,Illinois,17,2,0,12671821,0.01578305122839093
2020-02-21,Massachusetts,25,1,0,6949503,0.014389518214467998
2020-02-21,Nebraska,31,11,0,1934408,0.5686494265945964
2020-02-21,Texas,48,4,0,28995881,0.013795062822888534
2020-02-21,Washington,53,1,0,7614893,0.013132160885254724
2020-02-21,Wisconsin,55,1,0,5822434,0.017174947796746172
2020-02-22,Arizona,04,1,0,7278717,0.013738684990775159
2020-02-22,California,06,9,0,39512223,0.02277776170680146
2020-02-22,Illinois,17,2,0,12671821,0.01578305122839093
2020-02-22,Massachusetts,25,1,0,6949503,0.014389518214467998
2020-02-22,Nebraska,31,11,0,1934408,0.5686494265945964
2020-02-22,Texas,48,4,0,28995881,0.013795062822888534
2020-02-22,Washington,53,1,0,7614893,0.013132160885254724
2020-02-22,Wisconsin,55,1,0,5822434,0.017174947796746172
2020-02-23,Arizona,04,1,0,7278717,0.013738684990775159
2020-02-23,California,06,9,0,39512223,0.02277776170680146
2020-02-23,Illinois,17,2,0,12671821,0.01578305122839093
2020-02-23,Massachusetts,25,1,0,6949503,0.014389518214467998
2020-02-23,Nebraska,31,11,0,1934408,0.5686494265945964
2020-02-23,Texas,48,4,0,28995881,0.013795062822888534
2020-02-23,Washington,53,1,0,7614893,0.013132160885254724
2020-02-23,Wisconsin,55,1,0,5822434,0.017174947796746172
2020-02-24,Arizona,04,1,0,7278717,0.013738684990775159
2020-02-24,California,06,11,0,39512223,0.02783948653053512
2020-02-24,Illinois,17,2,0,12671821,0.01578305122839093
2020-02-24,Massachusetts,25,1,0,6949503,0.014389518214467998
2020-02-24,Nebraska,31,12,0,1934408,0.620344829012287
2020-02-24,Texas,48,10,0,28995881,0.03448765705722133
2020-02-24,Washington,53,5,0,7614893,0.06566080442627362
2020-02-24,Wisconsin,55,1,0,5822434,0.017174947796746172
2020-02-25,Arizona,04,1,0,7278717,0.013738684990775159
2020-02-25,California,06,11,0,39512223,0.02783948653053512
2020-02-25,Illinois,17,2,0,12671821,0.01578305122839093
2020-02-25,Massachusetts,25,1,0,6949503,0.014389518214467998
2020-02-25,Nebraska,31,13,0,1934408,0.6720402314299776
2020-02-25,Texas,48,10,0,28995881,0.03448765705722133
2020-02-25,Utah,49,1,0,3205958,0.03119192453550546
2020-02-25,Washington,53,5,0,7614893,0.06566080442627362
2020-02-25,Wisconsin,55,1,0,5822434,0.017174947796746172
2020-02-26,Arizona,04,1,0,7278717,0.013738684990775159
2020-02-26,California,06,26,0,39512223,0.06580242270853756
2020-02-26,Illinois,17,2,0,12671821,0.01578305122839093
2020-02-26,Massachusetts,25,1,0,6949503,0.014389518214467998
2020-02-26,Nebraska,31,13,0,1934408,0.6720402314299776
2020-02-26,Texas,48,10,0,28995881,0.03448765705722133
2020-02-26,Utah,49,1,0,3205958,0.03119192453550546
2020-02-26,Washington,53,5,0,7614893,0.06566080442627362
2020-02-26,Wisconsin,55,1,0,5822434,0.017174947796746172
2020-02-27,Arizona,04,1,0,7278717,0.013738684990775159
2020-02-27,California,06,26,0,39512223,0.06580242270853756
2020-02-27,Illinois,17,2,0,12671821,0.01578305122839093
2020-02-27,Massachusetts,25,1,0,6949503,0.014389518214467998
2020-02-27,Nebraska,31,13,0,1934408,0.6720402314299776
2020-02-27,Texas,48,10,0,28995881,0.03448765705722133
2020-02-27,Utah,49,1,0,3205958,0.03119192453550546
2020-02-27,Washington,53,5,0,7614893,0.06566080442627362
2020-02-27,Wisconsin,55,1,0,5822434,0.017174947796746172
2020-02-28,Arizona,04,1,0,7278717,0.013738684990775159
2020-02-28,California,06,27,0,39512223,0.06833328512040439
2020-02-28,Illinois,17,2,0,12671821,0.01578305122839093
2020-02-28,Massachusetts,25,1,0,6949503,0.014389518214467998
2020-02-28,Nebraska,31,13,0,1934408,0.6720402314299776
2020-02-28,Oregon,41,1,0,4217737,0.023709396768930826
2020-02-28,Texas,48,11,0,28995881,0.03793642276294347
2020-02-28,Utah,49,1,0,3205958,0.03119192453550546
2020-02-28,Washington,53,7,0,7614893,0.09192512619678307
2020-02-28,Wisconsin,55,1,0,5822434,0.017174947796746172
2020-02-29,Arizona,04,1,0,7278717,0.013738684990775159
2020-02-29,California,06,28,0,39512223,0.07086414753227122
2020-02-29,Illinois,17,3,0,12671821,0.023674576842586396
2020-02-29,Massachusetts,25,1,0,6949503,0.014389518214467998
2020-02-29,Nebraska,31,13,0,1934408,0.6720402314299776
2020-02-29,Oregon,41,1,0,4217737,0.023709396768930826
2020-02-29,Texas,48,11,0,28995881,0.03793642276294347
2020-02-29,Utah,49,1,0,3205958,0.03119192453550546
2020-02-29,Washington,53,10,1,7614893,0.13132160885254723
2020-02-29,Wisconsin,55,1,0,5822434,0.017174947796746172
2020-03-01,Arizona,04,1,0,7278717,0.013738684990775159
2020-03-01,California,06,33,0,39512223,0.08351845959160537
2020-03-01,Florida,12,2,0,21477737,0.009311968015997216
2020-03-01,Illinois,17,3,0,12671821,0.023674576842586396
2020-03-01,Massachusetts,25,1,0,6949503,0.014389518214467998
2020-03-01,Nebraska,31,13,0,1934408,0.6720402314299776
2020-03-01,New York,36,1,0,19453561,0.005140447036920386
2020-03-01,Oregon,41,2,0,4217737,0.04741879353786165
2020-03-01,Rhode Island,44,2,0,1059361,0.18879305543624883
2020-03-01,Texas,48,11,0,28995881,0.03793642276294347
2020-03-01,Utah,49,1,0,3205958,0.03119192453550546
2020-03-01,Washington,53,17,3,7614893,0.22324673504933032
2020-03-01,Wisconsin,55,1,0,5822434,0.017174947796746172
2020-03-02,Arizona,04,1,0,7278717,0.013738684990775159
2020-03-02,California,06,38,0,39512223,0.0961727716509395
2020-03-02,Florida,12,2,0,21477737,0.009311968015997216
2020-03-02,Georgia,13,2,0,10617423,0.018836962603825804
2020-03-02,Illinois,17,4,0,12671821,0.03156610245678186
2020-03-02,Massachusetts,25,2,0,6949503,0.028779036428935995
2020-03-02,Nebraska,31,13,0,1934408,0.6720402314299776
2020-03-02,New Hampshire,33,1,0,1359711,0.0735450400857241
2020-03-02,New York,36,1,0,19453561,0.005140447036920386
2020-03-02,Oregon,41,2,0,4217737,0.04741879353786165
2020-03-02,Rhode Island,44,2,0,1059361,0.18879305543624883
2020-03-02,Texas,48,11,0,28995881,0.03793642276294347
2020-03-02,Utah,49,1,0,3205958,0.03119192453550546
2020-03-02,Washington,53,23,6,7614893,0.30203970036085864
2020-03-02,Wisconsin,55,1,0,5822434,0.017174947796746172
2020-03-03,Arizona,04,2,0,7278717,0.027477369981550318
2020-03-03,California,06,45,0,39512223,0.1138888085340073
2020-03-03,Florida,12,3,0,21477737,0.013967952023995823
2020-03-03,Georgia,13,2,0,10617423,0.018836962603825804
2020-03-03,Illinois,17,4,0,12671821,0.03156610245678186
2020-03-03,Massachusetts,25,2,0,6949503,0.028779036428935995
2020-03-03,Nebraska,31,13,0,1934408,0.6720402314299776
2020-03-03,New Hampshire,33,2,0,1359711,0.1470900801714482
2020-03-03,New York,36,2,0,19453561,0.010280894073840773
2020-03-03,North Carolina,37,1,0,10488084,0.009534629966731769
2020-03-03,Oregon,41,2,0,4217737,0.04741879353786165
2020-03-03,Rhode Island,44,2,0,1059361,0.18879305543624883
2020-03-03,Texas,48,11,0,28995881,0.03793642276294347
2020-03-03,Utah,49,1,0,3205958,0.03119192453550546
2020-03-03,Washington,53,32,10,7614893,0.42022914832815117
2020-03-03,Wisconsin,55,1,0,5822434,0.017174947796746172
2020-03-04,Arizona,04,2,0,7278717,0.027477369981550318
2020-03-04,California,06,55,1,39512223,0.1391974326526756
2020-03-04,Florida,12,3,0,21477737,0.013967952023995823
2020-03-04,Georgia,13,2,0,10617423,0.018836962603825804
2020-03-04,Illinois,17,4,0,12671821,0.03156610245678186
2020-03-04,Massachusetts,25,2,0,6949503,0.028779036428935995
2020-03-04,Nebraska,31,13,0,1934408,0.6720402314299776
2020-03-04,New Hampshire,33,2,0,1359711,0.1470900801714482
2020-03-04,New Jersey,34,1,0,8882190,0.011258484675513583
2020-03-04,New York,36,11,0,19453561,0.05654491740612426
2020-03-04,North Carolina,37,1,0,10488084,0.009534629966731769
2020-03-04,Oregon,41,2,0,4217737,0.04741879353786165
2020-03-04,Rhode Island,44,2,0,1059361,0.18879305543624883
2020-03-04,Texas,48,12,0,28995881,0.0413851884686656
2020-03-04,Utah,49,1,0,3205958,0.03119192453550546
2020-03-04,Washington,53,47,11,7614893,0.6172115616069721
2020-03-04,Wisconsin,55,1,0,5822434,0.017174947796746172
2020-03-05,Arizona,04,2,0,7278717,0.027477369981550318
2020-03-05,California,06,67,1,39512223,0.16956778159507754
2020-03-05,Colorado,08,2,0,5758736,0.03472984349343328
2020-03-05,Florida,12,4,0,21477737,0.018623936031994432
2020-03-05,Georgia,13,2,0,10617423,0.018836962603825804
2020-03-05,Illinois,17,5,0,12671821,0.03945762807097733
2020-03-05,Maryland,24,3,0,6045680,0.04962220957774807
2020-03-05,Massachusetts,25,3,0,6949503,0.043168554643403995
2020-03-05,Nebraska,31,13,0,1934408,0.6720402314299776
2020-03-05,Nevada,32,2,0,3080156,0.06493177618276477
2020-03-05,New Hampshire,33,2,0,1359711,0.1470900801714482
2020-03-05,New Jersey,34,2,0,8882190,0.022516969351027167
2020-03-05,New York,36,22,0,19453561,0.11308983481224852
2020-03-05,North Carolina,37,1,0,10488084,0.009534629966731769
2020-03-05,Oregon,41,2,0,4217737,0.04741879353786165
2020-03-05,Rhode Island,44,2,0,1059361,0.18879305543624883
2020-03-05,Tennessee,47,1,0,6833174,0.014634487574881014
2020-03-05,Texas,48,16,0,28995881,0.055180251291554135
2020-03-05,Utah,49,1,0,3205958,0.03119192453550546
2020-03-05,Washington,53,75,11,7614893,0.9849120663941043
2020-03-05,Wisconsin,55,1,0,5822434,0.017174947796746172
2020-03-06,Arizona,04,3,0,7278717,0.04121605497232548
2020-03-06,California,06,81,1,39512223,0.20499985536121318
2020-03-06,Colorado,08,8,0,5758736,0.1389193739737331
2020-03-06,Florida,12,7,2,21477737,0.032591888055990254
2020-03-06,Georgia,13,3,0,10617423,0.028255443905738708
2020-03-06,Hawaii,15,1,0,1415872,0.07062785336527595
2020-03-06,Illinois,17,6,0,12671821,0.04734915368517279
2020-03-06,Indiana,18,1,0,6732219,0.014853943402613612
2020-03-06,Kentucky,21,1,0,4467673,0.0223830168412057
2020-03-06,Maryland,24,3,0,6045680,0.04962220957774807
2020-03-06,Massachusetts,25,8,0,6949503,0.11511614571574398
2020-03-06,Minnesota,27,1,0,5639632,0.017731653412846795
2020-03-06,Nebraska,31,14,0,1934408,0.7237356338476681
2020-03-06,Nevada,32,2,0,3080156,0.06493177618276477
2020-03-06,New Hampshire,33,2,0,1359711,0.1470900801714482
2020-03-06,New Jersey,34,4,0,8882190,0.045033938702054334
2020-03-06,New York,36,44,0,19453561,0.22617966962449704
2020-03-06,North Carolina,37,2,0,10488084,0.019069259933463537
2020-03-06,Oklahoma,40,1,0,3956971,0.02527185566939965
2020-03-06,Oregon,41,2,0,4217737,0.04741879353786165
2020-03-06,Pennsylvania,42,2,0,12801989,0.015622572398710857
2020-03-06,Rhode Island,44,3,0,1059361,0.28318958315437326
2020-03-06,South Carolina,45,2,0,5148714,0.03884465130516086
2020-03-06,Tennessee,47,1,0,6833174,0.014634487574881014
2020-03-06,Texas,48,19,0,28995881,0.06552654840872053
2020-03-06,Utah,49,3,0,3205958,0.09357577360651637
2020-03-06,Washington,53,86,12,7614893,1.1293658361319063
2020-03-06,Wisconsin,55,1,0,5822434,0.017174947796746172
2020-03-07,Arizona,04,5,0,7278717,0.0686934249538758
2020-03-07,California,06,100,1,39512223,0.25308624118668294
2020-03-07,Colorado,08,8,0,5758736,0.1389193739737331
2020-03-07,District of Columbia,11,1,0,705749,0.14169343491807992
2020-03-07,Florida,12,12,2,21477737,0.05587180809598329
2020-03-07,Georgia,13,7,0,10617423,0.06592936911339031
2020-03-07,Hawaii,15,1,0,1415872,0.07062785336527595
2020-03-07,Illinois,17,6,0,12671821,0.04734915368517279
2020-03-07,Indiana,18,1,0,6732219,0.014853943402613612
2020-03-07,Kansas,20,1,0,2913314,0.034325170578935194
2020-03-07,Kentucky,21,1,0,4467673,0.0223830168412057
2020-03-07,Maryland,24,3,0,6045680,0.04962220957774807
2020-03-07,Massachusetts,25,13,0,6949503,0.18706373678808397
2020-03-07,Minnesota,27,1,0,5639632,0.017731653412846795
2020-03-07,Missouri,29,1,0,6137428,0.016293470163723303
2020-03-07,Nebraska,31,14,0,1934408,0.7237356338476681
2020-03-07,Nevada,32,2,0,3080156,0.06493177618276477
2020-03-07,New Hampshire,33,4,0,1359711,0.2941801603428964
2020-03-07,New Jersey,34,4,0,8882190,0.045033938702054334
2020-03-07,New York,36,89,0,19453561,0.4574997862859144
2020-03-07,North Carolina,37,2,0,10488084,0.019069259933463537
2020-03-07,Oklahoma,40,1,0,3956971,0.02527185566939965
2020-03-07,Oregon,41,6,0,4217737,0.14225638061358495
2020-03-07,Pennsylvania,42,4,0,12801989,0.031245144797421714
2020-03-07,Rhode Island,44,3,0,1059361,0.28318958315437326
2020-03-07,South Carolina,45,2,0,5148714,0.03884465130516086
2020-03-07,Tennessee,47,1,0,6833174,0.014634487574881014
2020-03-07,Texas,48,19,0,28995881,0.06552654840872053
2020-03-07,Utah,49,3,0,3205958,0.09357577360651637
2020-03-07,Vermont,50,1,0,623989,0.16025923533908448
2020-03-07,Virginia,51,1,0,8535519,0.011715749212203733
2020-03-07,Washington,53,110,16,7614893,1.4445376973780195
2020-03-07,Wisconsin,55,1,0,5822434,0.017174947796746172
2020-03-08,Arizona,04,5,0,7278717,0.0686934249538758
2020-03-08,California,06,112,1,39512223,0.28345659012908486
2020-03-08,Colorado,08,8,0,5758736,0.1389193739737331
2020-03-08,Connecticut,09,1,0,3565287,0.028048232863160806
2020-03-08,District of Columbia,11,1,0,705749,0.14169343491807992
2020-03-08,Florida,12,13,2,21477737,0.0605277921039819
2020-03-08,Georgia,13,11,0,10617423,0.10360329432104194
2020-03-08,Hawaii,15,2,0,1415872,0.1412557067305519
2020-03-08,Illinois,17,7,0,12671821,0.05524067929936826
2020-03-08,Indiana,18,2,0,6732219,0.029707886805227224
2020-03-08,Iowa,19,3,0,3155070,0.0950850535804277
2020-03-08,Kansas,20,1,0,2913314,0.034325170578935194
2020-03-08,Kentucky,21,4,0,4467673,0.0895320673648228
2020-03-08,Maryland,24,5,0,6045680,0.08270368262958014
2020-03-08,Massachusetts,25,28,0,6949503,0.40290651000510397
2020-03-08,Minnesota,27,2,0,5639632,0.03546330682569359
2020-03-08,Missouri,29,1,0,6137428,0.016293470163723303
2020-03-08,Nebraska,31,16,0,1934408,0.8271264386830492
2020-03-08,Nevada,32,4,0,3080156,0.12986355236552954
2020-03-08,New Hampshire,33,4,0,1359711,0.2941801603428964
2020-03-08,New Jersey,34,6,0,8882190,0.0675509080530815
2020-03-08,New York,36,106,0,19453561,0.544887385913561
2020-03-08,North Carolina,37,2,0,10488084,0.019069259933463537
2020-03-08,Oklahoma,40,1,0,3956971,0.02527185566939965
2020-03-08,Oregon,41,13,0,4217737,0.30822215799610075
2020-03-08,Pennsylvania,42,6,0,12801989,0.04686771719613257
2020-03-08,Rhode Island,44,3,0,1059361,0.28318958315437326
2020-03-08,South Carolina,45,6,0,5148714,0.11653395391548259
2020-03-08,Tennessee,47,3,0,6833174,0.04390346272464304
2020-03-08,Texas,48,23,0,28995881,0.07932161123160907
2020-03-08,Utah,49,3,0,3205958,0.09357577360651637
2020-03-08,Vermont,50,1,0,623989,0.16025923533908448
2020-03-08,Virginia,51,2,0,8535519,0.023431498424407466
2020-03-08,Washington,53,141,19,7614893,1.8516346848209162
2020-03-08,Wisconsin,55,1,0,5822434,0.017174947796746172
2020-03-09,Arizona,04,6,0,7278717,0.08243210994465096
2020-03-09,California,06,172,2,39512223,0.43530833484109466
2020-03-09,Colorado,08,12,0,5758736,0.2083790609605997
2020-03-09,Connecticut,09,2,0,3565287,0.05609646572632161
2020-03-09,District of Columbia,11,4,0,705749,0.5667737396723197
2020-03-09,Florida,12,14,2,21477737,0.06518377611198051
2020-03-09,Georgia,13,17,0,10617423,0.16011418213251935
2020-03-09,Hawaii,15,2,0,1415872,0.1412557067305519
2020-03-09,Illinois,17,11,0,12671821,0.08680678175615013
2020-03-09,Indiana,18,4,0,6732219,0.05941577361045445
2020-03-09,Iowa,19,8,0,3155070,0.2535601428811405
2020-03-09,Kansas,20,1,0,2913314,0.034325170578935194
2020-03-09,Kentucky,21,5,0,4467673,0.1119150842060285
2020-03-09,Louisiana,22,1,0,4648794,0.021510955314432086
2020-03-09,Maryland,24,6,0,6045680,0.09924441915549614
2020-03-09,Massachusetts,25,41,0,6949503,0.589970246793188
2020-03-09,Minnesota,27,2,0,5639632,0.03546330682569359
2020-03-09,Missouri,29,1,0,6137428,0.016293470163723303
2020-03-09,Nebraska,31,16,0,1934408,0.8271264386830492
2020-03-09,Nevada,32,4,0,3080156,0.12986355236552954
2020-03-09,New Hampshire,33,4,0,1359711,0.2941801603428964
2020-03-09,New Jersey,34,11,0,8882190,0.12384333143064942
2020-03-09,New York,36,142,0,19453561,0.729943479242695
2020-03-09,North Carolina,37,7,0,10488084,0.06674240976712238
2020-03-09,Ohio,39,3,0,11689100,0.025664935709336045
2020-03-09,Oklahoma,40,1,0,3956971,0.02527185566939965
2020-03-09,Oregon,41,13,0,4217737,0.30822215799610075
2020-03-09,Pennsylvania,42,10,0,12801989,0.07811286199355427
2020-03-09,Rhode Island,44,3,0,1059361,0.28318958315437326
2020-03-09,South Carolina,45,7,0,5148714,0.135956279568063
2020-03-09,Tennessee,47,4,0,6833174,0.05853795029952406
2020-03-09,Texas,48,24,0,28995881,0.0827703769373312
2020-03-09,Utah,49,3,0,3205958,0.09357577360651637
2020-03-09,Vermont,50,1,0,623989,0.16025923533908448
2020-03-09,Virginia,51,5,0,8535519,0.05857874606101866
2020-03-09,Washington,53,179,22,7614893,2.3506567984605953
2020-03-09,Wisconsin,55,2,0,5822434,0.034349895593492344
2020-03-10,Arizona,04,6,0,7278717,0.08243210994465096
2020-03-10,California,06,179,3,39512223,0.45302437172416243
2020-03-10,Colorado,08,17,0,5758736,0.2952036696941829
2020-03-10,Connecticut,09,2,0,3565287,0.05609646572632161
2020-03-10,District of Columbia,11,4,0,705749,0.5667737396723197
2020-03-10,Florida,12,23,2,21477737,0.10708763218396798
2020-03-10,Georgia,13,22,0,10617423,0.20720658864208388
2020-03-10,Hawaii,15,2,0,1415872,0.1412557067305519
2020-03-10,Illinois,17,19,0,12671821,0.14993898666971384
2020-03-10,Indiana,18,6,0,6732219,0.08912366041568166
2020-03-10,Iowa,19,13,0,3155070,0.41203523218185334
2020-03-10,Kansas,20,1,0,2913314,0.034325170578935194
2020-03-10,Kentucky,21,7,0,4467673,0.1566811178884399
2020-03-10,Louisiana,22,6,0,4648794,0.12906573188659254
2020-03-10,Maryland,24,9,0,6045680,0.14886662873324422
2020-03-10,Massachusetts,25,92,0,6949503,1.3238356757310559
2020-03-10,Michigan,26,2,0,9986857,0.020026320593155584
2020-03-10,Minnesota,27,3,0,5639632,0.05319496023854039
2020-03-10,Missouri,29,1,0,6137428,0.016293470163723303
2020-03-10,Nebraska,31,17,0,1934408,0.8788218411007399
2020-03-10,Nevada,32,4,0,3080156,0.12986355236552954
2020-03-10,New Hampshire,33,5,0,1359711,0.3677252004286205
2020-03-10,New Jersey,34,15,1,8882190,0.16887727013270376
2020-03-10,New York,36,173,0,19453561,0.8892973373872269
2020-03-10,North Carolina,37,7,0,10488084,0.06674240976712238
2020-03-10,Ohio,39,3,0,11689100,0.025664935709336045
2020-03-10,Oklahoma,40,2,0,3956971,0.0505437113387993
2020-03-10,Oregon,41,14,0,4217737,0.33193155476503156
2020-03-10,Pennsylvania,42,12,0,12801989,0.09373543439226514
2020-03-10,Rhode Island,44,5,0,1059361,0.47198263859062206
2020-03-10,South Carolina,45,9,0,5148714,0.17480093087322388
2020-03-10,South Dakota,46,5,1,884659,0.5651895250034195
2020-03-10,Tennessee,47,7,0,6833174,0.10244141302416711
2020-03-10,Texas,48,31,0,28995881,0.10691173687738613
2020-03-10,Utah,49,4,0,3205958,0.12476769814202184
2020-03-10,Vermont,50,1,0,623989,0.16025923533908448
2020-03-10,Virginia,51,8,0,8535519,0.09372599369762986
2020-03-10,Washington,53,279,24,7614893,3.6638728869860677
2020-03-10,Wisconsin,55,3,0,5822434,0.051524843390238516
2020-03-11,Arizona,04,9,0,7278717,0.12364816491697644
2020-03-11,Arkansas,05,1,0,3017825,0.03313644760713428
2020-03-11,California,06,202,4,39512223,0.5112342071970994
2020-03-11,Colorado,08,34,0,5758736,0.5904073393883658
2020-03-11,Connecticut,09,3,0,3565287,0.08414469858948243
2020-03-11,Delaware,10,1,0,973764,0.10269428732218483
2020-03-11,District of Columbia,11,10,0,705749,1.4169343491807995
2020-03-11,Florida,12,26,2,21477737,0.1210555842079638
2020-03-11,Georgia,13,31,0,10617423,0.2919729203593
2020-03-11,Hawaii,15,2,0,1415872,0.1412557067305519
2020-03-11,Illinois,17,25,0,12671821,0.19728814035488665
2020-03-11,Indiana,18,11,0,6732219,0.1633933774287497
2020-03-11,Iowa,19,14,0,3155070,0.4437302500419959
2020-03-11,Kansas,20,1,0,2913314,0.034325170578935194
2020-03-11,Kentucky,21,7,0,4467673,0.1566811178884399
2020-03-11,Louisiana,22,13,0,4648794,0.2796424190876171
2020-03-11,Maryland,24,13,0,6045680,0.21502957483690835
2020-03-11,Massachusetts,25,95,0,6949503,1.3670042303744598
2020-03-11,Michigan,26,2,0,9986857,0.020026320593155584
2020-03-11,Minnesota,27,5,0,5639632,0.08865826706423398
2020-03-11,Mississippi,28,1,0,2976149,0.03360046825612562
2020-03-11,Missouri,29,1,0,6137428,0.016293470163723303
2020-03-11,Nebraska,31,23,0,1934408,1.1889942556068833
2020-03-11,Nevada,32,7,0,3080156,0.22726121663967672
2020-03-11,New Hampshire,33,5,0,1359711,0.3677252004286205
2020-03-11,New Jersey,34,23,1,8882190,0.2589451475368124
2020-03-11,New Mexico,35,4,0,2096829,0.1907642444853634
2020-03-11,New York,36,217,0,19453561,1.115477007011724
2020-03-11,North Carolina,37,8,0,10488084,0.07627703973385415
2020-03-11,North Dakota,38,1,0,762062,0.1312229188701182
2020-03-11,Ohio,39,4,0,11689100,0.03421991427911473
2020-03-11,Oklahoma,40,2,0,3956971,0.0505437113387993
2020-03-11,Oregon,41,20,0,4217737,0.47418793537861653
2020-03-11,Pennsylvania,42,16,0,12801989,0.12498057918968686
2020-03-11,Rhode Island,44,5,0,1059361,0.47198263859062206
2020-03-11,South Carolina,45,10,0,5148714,0.19422325652580433
2020-03-11,South Dakota,46,8,1,884659,0.904303240005471
2020-03-11,Tennessee,47,8,0,6833174,0.11707590059904811
2020-03-11,Texas,48,33,0,28995881,0.11380926828883041
2020-03-11,Utah,49,5,0,3205958,0.15595962267752728
2020-03-11,Vermont,50,2,0,623989,0.32051847067816897
2020-03-11,Virginia,51,10,0,8535519,0.11715749212203733
2020-03-11,Washington,53,338,29,7614893,4.438670379216097
2020-03-11,Wisconsin,55,6,0,5822434,0.10304968678047703
2020-03-11,Wyoming,56,1,0,578759,0.1727834901919452
2020-03-12,Alaska,02,1,0,731545,0.1366969906157516
2020-03-12,Arizona,04,9,0,7278717,0.12364816491697644
2020-03-12,Arkansas,05,6,0,3017825,0.19881868564280566
2020-03-12,California,06,252,4,39512223,0.6377773277904409
2020-03-12,Colorado,08,49,1,5758736,0.8508811655891154
2020-03-12,Connecticut,09,6,0,3565287,0.16828939717896485
2020-03-12,Delaware,10,4,0,973764,0.4107771492887393
2020-03-12,District of Columbia,11,10,0,705749,1.4169343491807995
2020-03-12,Florida,12,46,2,21477737,0.21417526436793596
2020-03-12,Georgia,13,31,1,10617423,0.2919729203593
2020-03-12,Hawaii,15,2,0,1415872,0.1412557067305519
2020-03-12,Illinois,17,32,0,12671821,0.2525288196542549
2020-03-12,Indiana,18,12,0,6732219,0.17824732083136333
2020-03-12,Iowa,19,16,0,3155070,0.507120285762281
2020-03-12,Kansas,20,5,1,2913314,0.17162585289467594
2020-03-12,Kentucky,21,11,0,4467673,0.24621318525326272
2020-03-12,Louisiana,22,14,0,4648794,0.3011533744020492
2020-03-12,Maine,23,1,0,1344212,0.07439302729033813
2020-03-12,Maryland,24,13,0,6045680,0.21502957483690835
2020-03-12,Massachusetts,25,108,0,6949503,1.554067967162544
2020-03-12,Michigan,26,12,0,9986857,0.12015792355893351
2020-03-12,Minnesota,27,9,0,5639632,0.15958488071562116
2020-03-12,Mississippi,28,1,0,2976149,0.03360046825612562
2020-03-12,Missouri,29,2,0,6137428,0.032586940327446606
2020-03-12,Nebraska,31,24,0,1934408,1.240689658024574
2020-03-12,Nevada,32,11,0,3080156,0.35712476900520623
2020-03-12,New Hampshire,33,6,0,1359711,0.4412702405143446
2020-03-12,New Jersey,34,29,1,8882190,0.3264960555898939
2020-03-12,New Mexico,35,6,0,2096829,0.28614636672804505
2020-03-12,New York,36,326,0,19453561,1.675785734036046
2020-03-12,North Carolina,37,16,0,10488084,0.1525540794677083
2020-03-12,North Dakota,38,1,0,762062,0.1312229188701182
2020-03-12,Ohio,39,5,0,11689100,0.042774892848893416
2020-03-12,Oklahoma,40,2,0,3956971,0.0505437113387993
2020-03-12,Oregon,41,30,0,4217737,0.7112819030679248
2020-03-12,Pennsylvania,42,22,0,12801989,0.17184829638581942
2020-03-12,Rhode Island,44,5,0,1059361,0.47198263859062206
2020-03-12,South Carolina,45,12,0,5148714,0.23306790783096518
2020-03-12,South Dakota,46,8,1,884659,0.904303240005471
2020-03-12,Tennessee,47,18,0,6833174,0.26342077634785827
2020-03-12,Texas,48,41,0,28995881,0.14139939393460746
2020-03-12,Utah,49,7,0,3205958,0.2183434717485382
2020-03-12,Vermont,50,2,0,623989,0.32051847067816897
2020-03-12,Virginia,51,17,0,8535519,0.19916773660746348
2020-03-12,Washington,53,419,32,7614893,5.502375410921729
2020-03-12,Wisconsin,55,8,0,5822434,0.13739958237396938
2020-03-12,Wyoming,56,1,0,578759,0.1727834901919452
2020-03-13,Alabama,01,6,0,4903185,0.12236943945619022
2020-03-13,Alaska,02,1,0,731545,0.1366969906157516
2020-03-13,Arizona,04,9,0,7278717,0.12364816491697644
2020-03-13,Arkansas,05,7,0,3017825,0.23195513324993994
2020-03-13,California,06,320,5,39512223,0.8098759717973854
2020-03-13,Colorado,08,78,2,5758736,1.354463896243898
2020-03-13,Connecticut,09,11,0,3565287,0.3085305614947689
2020-03-13,Delaware,10,4,0,973764,0.4107771492887393
2020-03-13,District of Columbia,11,10,0,705749,1.4169343491807995
2020-03-13,Florida,12,70,2,21477737,0.32591888055990254
2020-03-13,Georgia,13,41,1,10617423,0.386157733378429
2020-03-13,Hawaii,15,2,0,1415872,0.1412557067305519
2020-03-13,Idaho,16,1,0,1787147,0.055955106099274426
2020-03-13,Illinois,17,46,0,12671821,0.3630101782529914
2020-03-13,Indiana,18,12,0,6732219,0.17824732083136333
2020-03-13,Iowa,19,17,0,3155070,0.5388153036224236
2020-03-13,Kansas,20,6,1,2913314,0.20595102347361113
2020-03-13,Kentucky,21,11,0,4467673,0.24621318525326272
2020-03-13,Louisiana,22,36,0,4648794,0.7743943913195551
2020-03-13,Maine,23,2,0,1344212,0.14878605458067626
2020-03-13,Maryland,24,18,0,6045680,0.29773325746648843
2020-03-13,Massachusetts,25,123,0,6949503,1.769910740379564
2020-03-13,Michigan,26,25,0,9986857,0.2503290074144448
2020-03-13,Minnesota,27,14,0,5639632,0.24824314777985512
2020-03-13,Mississippi,28,6,0,2976149,0.20160280953675372
2020-03-13,Missouri,29,4,0,6137428,0.06517388065489321
2020-03-13,Montana,30,4,0,1068778,0.3742592006946251
2020-03-13,Nebraska,31,27,0,1934408,1.3957758652776457
2020-03-13,Nevada,32,19,0,3080156,0.6168518737362653
2020-03-13,New Hampshire,33,7,0,1359711,0.5148152806000688
2020-03-13,New Jersey,34,50,1,8882190,0.5629242337756791
2020-03-13,New Mexico,35,10,0,2096829,0.47691061121340844
2020-03-13,New York,36,421,0,19453561,2.164128202543483
2020-03-13,North Carolina,37,18,0,10488084,0.17162333940117186
2020-03-13,North Dakota,38,1,0,762062,0.1312229188701182
2020-03-13,Ohio,39,13,0,11689100,0.11121472140712288
2020-03-13,Oklahoma,40,3,0,3956971,0.07581556700819896
2020-03-13,Oregon,41,30,0,4217737,0.7112819030679248
2020-03-13,Pennsylvania,42,41,0,12801989,0.32026273417357254
2020-03-13,Puerto Rico,72,3,0,3193694,0.0939351108778737
2020-03-13,Rhode Island,44,20,0,1059361,1.8879305543624882
2020-03-13,South Carolina,45,13,0,5148714,0.2524902334835456
2020-03-13,South Dakota,46,9,1,884659,1.017341145006155
2020-03-13,Tennessee,47,26,0,6833174,0.38049667694690636
2020-03-13,Texas,48,58,0,28995881,0.20002841093188375
2020-03-13,Utah,49,7,0,3205958,0.2183434717485382
2020-03-13,Vermont,50,2,0,623989,0.32051847067816897
2020-03-13,Virginia,51,30,0,8535519,0.351472476366112
2020-03-13,Washington,53,511,37,7614893,6.710534212365164
2020-03-13,Wisconsin,55,19,0,5822434,0.32632400813817725
2020-03-13,Wyoming,56,2,0,578759,0.3455669803838904
2020-03-14,Alabama,01,12,0,4903185,0.24473887891238044
2020-03-14,Alaska,02,1,0,731545,0.1366969906157516
2020-03-14,Arizona,04,12,0,7278717,0.16486421988930192
2020-03-14,Arkansas,05,9,0,3017825,0.29822802846420854
2020-03-14,California,06,381,5,39512223,0.9642585789212619
2020-03-14,Colorado,08,103,2,5758736,1.788586939911814
2020-03-14,Connecticut,09,20,0,3565287,0.5609646572632161
2020-03-14,Delaware,10,4,0,973764,0.4107771492887393
2020-03-14,District of Columbia,11,16,0,705749,2.267094958689279
2020-03-14,Florida,12,70,3,21477737,0.32591888055990254
2020-03-14,Georgia,13,65,1,10617423,0.6122012846243386
2020-03-14,Hawaii,15,4,0,1415872,0.2825114134611038
2020-03-14,Idaho,16,5,0,1787147,0.27977553049637216
2020-03-14,Illinois,17,66,0,12671821,0.5208406905369007
2020-03-14,Indiana,18,15,0,6732219,0.22280915103920418
2020-03-14,Iowa,19,18,0,3155070,0.5705103214825661
2020-03-14,Kansas,20,8,1,2913314,0.27460136463148155
2020-03-14,Kentucky,21,18,0,4467673,0.4028943031417026
2020-03-14,Louisiana,22,77,1,4648794,1.6563435592112707
2020-03-14,Maine,23,3,0,1344212,0.22317908187101437
2020-03-14,Maryland,24,27,0,6045680,0.44659988619973273
2020-03-14,Massachusetts,25,138,0,6949503,1.9857535135965838
2020-03-14,Michigan,26,33,0,9986857,0.3304342897870671
2020-03-14,Minnesota,27,21,0,5639632,0.37236472166978274
2020-03-14,Mississippi,28,6,0,2976149,0.20160280953675372
2020-03-14,Missouri,29,5,0,6137428,0.08146735081861653
2020-03-14,Montana,30,6,0,1068778,0.5613888010419377
2020-03-14,Nebraska,31,29,0,1934408,1.4991666701130268
2020-03-14,Nevada,32,21,0,3080156,0.6817836499190301
2020-03-14,New Hampshire,33,7,0,1359711,0.5148152806000688
2020-03-14,New Jersey,34,75,2,8882190,0.8443863506635187
2020-03-14,New Mexico,35,13,0,2096829,0.6199837945774309
2020-03-14,New York,36,610,2,19453561,3.135672692521436
2020-03-14,North Carolina,37,25,0,10488084,0.2383657491682942
2020-03-14,North Dakota,38,1,0,762062,0.1312229188701182
2020-03-14,Ohio,39,26,0,11689100,0.22242944281424576
2020-03-14,Oklahoma,40,4,0,3956971,0.1010874226775986
2020-03-14,Oregon,41,36,1,4217737,0.8535382836815097
2020-03-14,Pennsylvania,42,47,0,12801989,0.3671304513697051
2020-03-14,Puerto Rico,72,4,0,3193694,0.12524681450383163
2020-03-14,Rhode Island,44,20,0,1059361,1.8879305543624882
2020-03-14,South Carolina,45,19,0,5148714,0.3690241873990282
2020-03-14,South Dakota,46,9,1,884659,1.017341145006155
2020-03-14,Tennessee,47,32,0,6833174,0.46830360239619245
2020-03-14,Texas,48,69,0,28995881,0.2379648336948272
2020-03-14,Utah,49,21,0,3205958,0.6550304152456146
2020-03-14,Vermont,50,5,0,623989,0.8012961766954225
2020-03-14,Virgin Islands,78,1,0,104914,0.9531616371504279
2020-03-14,Virginia,51,42,1,8535519,0.4920614669125568
2020-03-14,Washington,53,609,40,7614893,7.9974859791201265
2020-03-14,Wisconsin,55,27,0,5822434,0.4637235905121467
2020-03-14,Wyoming,56,3,0,578759,0.5183504705758355
2020-03-15,Alabama,01,23,0,4903185,0.4690828512487291
2020-03-15,Alaska,02,1,0,731545,0.1366969906157516
2020-03-15,Arizona,04,13,0,7278717,0.17860290488007707
2020-03-15,Arkansas,05,16,0,3017825,0.5301831617141485
2020-03-15,California,06,478,6,39512223,1.2097522328723445
2020-03-15,Colorado,08,136,2,5758736,2.361629357553463
2020-03-15,Connecticut,09,26,0,3565287,0.7292540544421809
2020-03-15,Delaware,10,7,0,973764,0.7188600112552939
2020-03-15,District of Columbia,11,17,0,705749,2.408788393607359
2020-03-15,Florida,12,109,3,21477737,0.5075022568718482
2020-03-15,Georgia,13,97,1,10617423,0.9135926862855516
2020-03-15,Guam,66,3,0,165718,1.8103042518012527
2020-03-15,Hawaii,15,7,0,1415872,0.4943949735569317
2020-03-15,Idaho,16,5,0,1787147,0.27977553049637216
2020-03-15,Illinois,17,94,0,12671821,0.7418034077343738
2020-03-15,Indiana,18,19,0,6732219,0.2822249246496586
2020-03-15,Iowa,19,22,0,3155070,0.6972903929231364
2020-03-15,Kansas,20,9,1,2913314,0.30892653521041674
2020-03-15,Kentucky,21,21,0,4467673,0.47004335366531974
2020-03-15,Louisiana,22,103,2,4648794,2.2156283973865047
2020-03-15,Maine,23,12,0,1344212,0.8927163274840575
2020-03-15,Maryland,24,32,0,6045680,0.5293035688293128
2020-03-15,Massachusetts,25,164,0,6949503,2.359880987172752
2020-03-15,Michigan,26,53,0,9986857,0.530697495718623
2020-03-15,Minnesota,27,35,0,5639632,0.6206078694496379
2020-03-15,Mississippi,28,10,0,2976149,0.3360046825612562
2020-03-15,Missouri,29,5,0,6137428,0.08146735081861653
2020-03-15,Montana,30,6,0,1068778,0.5613888010419377
2020-03-15,Nebraska,31,31,0,1934408,1.602557474948408
2020-03-15,Nevada,32,26,0,3080156,0.844113090375942
2020-03-15,New Hampshire,33,13,0,1359711,0.9560855211144134
2020-03-15,New Jersey,34,98,2,8882190,1.1033314982003313
2020-03-15,New Mexico,35,17,0,2096829,0.8107480390627942
2020-03-15,New York,36,732,6,19453561,3.7628072310257235
2020-03-15,North Carolina,37,32,0,10488084,0.3051081589354166
2020-03-15,North Dakota,38,1,0,762062,0.1312229188701182
2020-03-15,Ohio,39,37,0,11689100,0.31653420708181124
2020-03-15,Oklahoma,40,8,0,3956971,0.2021748453551972
2020-03-15,Oregon,41,39,1,4217737,0.9246664739883023
2020-03-15,Pennsylvania,42,68,0,12801989,0.5311674615561691
2020-03-15,Puerto Rico,72,5,0,3193694,0.15655851812978952
2020-03-15,Rhode Island,44,20,0,1059361,1.8879305543624882
2020-03-15,South Carolina,45,28,0,5148714,0.543825118272252
2020-03-15,South Dakota,46,9,1,884659,1.017341145006155
2020-03-15,Tennessee,47,39,0,6833174,0.5707450154203596
2020-03-15,Texas,48,80,0,28995881,0.27590125645777064
2020-03-15,Utah,49,29,0,3205958,0.9045658115296582
2020-03-15,Vermont,50,8,0,623989,1.2820738827126759
2020-03-15,Virgin Islands,78,1,0,104914,0.9531616371504279
2020-03-15,Virginia,51,45,1,8535519,0.527208714549168
2020-03-15,Washington,53,675,42,7614893,8.86420859754694
2020-03-15,Wisconsin,55,33,0,5822434,0.5667732772926236
2020-03-15,Wyoming,56,3,0,578759,0.5183504705758355
2020-03-16,Alabama,01,29,0,4903185,0.5914522907049193
2020-03-16,Alaska,02,3,0,731545,0.4100909718472548
2020-03-16,Arizona,04,18,0,7278717,0.2472963298339529
2020-03-16,Arkansas,05,22,0,3017825,0.7290018473569541
2020-03-16,California,06,588,11,39512223,1.4881470981776956
2020-03-16,Colorado,08,161,2,5758736,2.795752401221379
2020-03-16,Connecticut,09,41,0,3565287,1.149977547389593
2020-03-16,Delaware,10,8,0,973764,0.8215542985774786
2020-03-16,District of Columbia,11,22,0,705749,3.1172555681977583
2020-03-16,Florida,12,141,4,21477737,0.6564937451278038
2020-03-16,Georgia,13,118,1,10617423,1.1113807936257225
2020-03-16,Guam,66,3,0,165718,1.8103042518012527
2020-03-16,Hawaii,15,10,0,1415872,0.7062785336527595
2020-03-16,Idaho,16,5,0,1787147,0.27977553049637216
2020-03-16,Illinois,17,104,0,12671821,0.8207186638763285
2020-03-16,Indiana,18,24,1,6732219,0.35649464166272665
2020-03-16,Iowa,19,22,0,3155070,0.6972903929231364
2020-03-16,Kansas,20,11,1,2913314,0.3775768763682871
2020-03-16,Kentucky,21,22,1,4467673,0.49242637050652543
2020-03-16,Louisiana,22,137,3,4648794,2.947000878077196
2020-03-16,Maine,23,17,0,1344212,1.2646814639357482
2020-03-16,Maryland,24,39,0,6045680,0.645088724510725
2020-03-16,Massachusetts,25,197,0,6949503,2.834735088250196
2020-03-16,Michigan,26,54,0,9986857,0.5407106560152009
2020-03-16,Minnesota,27,54,0,5639632,0.957509284293727
2020-03-16,Mississippi,28,12,0,2976149,0.40320561907350744
2020-03-16,Missouri,29,9,0,6137428,0.14664123147350977
2020-03-16,Montana,30,8,0,1068778,0.7485184013892502
2020-03-16,Nebraska,31,33,0,1934408,1.7059482797837893
2020-03-16,Nevada,32,45,1,3080156,1.4609649641122073
2020-03-16,New Hampshire,33,17,0,1359711,1.2502656814573097
2020-03-16,New Jersey,34,176,3,8882190,1.9814933028903907
2020-03-16,New Mexico,35,21,0,2096829,1.0015122835481578
2020-03-16,New York,36,950,10,19453561,4.883424685074368
2020-03-16,North Carolina,37,34,0,10488084,0.3241774188688802
2020-03-16,North Dakota,38,1,0,762062,0.1312229188701182
2020-03-16,Ohio,39,50,0,11689100,0.42774892848893414
2020-03-16,Oklahoma,40,10,0,3956971,0.25271855669399645
2020-03-16,Oregon,41,46,1,4217737,1.090632251370818
2020-03-16,Pennsylvania,42,81,0,12801989,0.6327141821477896
2020-03-16,Puerto Rico,72,5,0,3193694,0.15655851812978952
2020-03-16,Rhode Island,44,21,0,1059361,1.982327082080613
2020-03-16,South Carolina,45,33,1,5148714,0.6409367465351542
2020-03-16,South Dakota,46,10,1,884659,1.130379050006839
2020-03-16,Tennessee,47,52,0,6833174,0.7609933538938127
2020-03-16,Texas,48,87,1,28995881,0.3000426163978256
2020-03-16,Utah,49,40,0,3205958,1.2476769814202182
2020-03-16,Vermont,50,12,0,623989,1.923110824069014
2020-03-16,Virgin Islands,78,2,0,104914,1.9063232743008558
2020-03-16,Virginia,51,51,1,8535519,0.5975032098223905
2020-03-16,Washington,53,794,48,7614893,10.426935742892251
2020-03-16,Wisconsin,55,47,0,5822434,0.80722254644707
2020-03-16,Wyoming,56,10,0,578759,1.7278349019194517
2020-03-17,Alabama,01,39,0,4903185,0.7954013564652364
2020-03-17,Alaska,02,6,0,731545,0.8201819436945096
2020-03-17,Arizona,04,20,0,7278717,0.2747736998155032
2020-03-17,Arkansas,05,22,0,3017825,0.7290018473569541
2020-03-17,California,06,732,14,39512223,1.8525912854865192
2020-03-17,Colorado,08,183,3,5758736,3.177780679649145
2020-03-17,Connecticut,09,68,0,3565287,1.9072798346949347
2020-03-17,Delaware,10,16,0,973764,1.6431085971549573
2020-03-17,District of Columbia,11,31,0,705749,4.392496482460478
2020-03-17,Florida,12,210,6,21477737,0.9777566416797077
2020-03-17,Georgia,13,142,1,10617423,1.3374243448716323
2020-03-17,Guam,66,3,0,165718,1.8103042518012527
2020-03-17,Hawaii,15,14,0,1415872,0.9887899471138634
2020-03-17,Idaho,16,9,0,1787147,0.5035959548934699
2020-03-17,Illinois,17,159,1,12671821,1.2547525726570792
2020-03-17,Indiana,18,30,2,6732219,0.44561830207840836
2020-03-17,Iowa,19,29,0,3155070,0.9191555179441343
2020-03-17,Kansas,20,17,1,2913314,0.5835278998418982
2020-03-17,Kentucky,21,26,1,4467673,0.5819584378713483
2020-03-17,Louisiana,22,196,5,4648794,4.216147241628689
2020-03-17,Maine,23,32,0,1344212,2.38057687329082
2020-03-17,Maryland,24,57,0,6045680,0.9428219819772135
2020-03-17,Massachusetts,25,218,0,6949503,3.136914970754024
2020-03-17,Michigan,26,65,0,9986857,0.6508554192775565
2020-03-17,Minnesota,27,60,0,5639632,1.0638992047708078
2020-03-17,Mississippi,28,21,0,2976149,0.7056098333786379
2020-03-17,Missouri,29,16,0,6137428,0.26069552261957285
2020-03-17,Montana,30,8,0,1068778,0.7485184013892502
2020-03-17,Nebraska,31,36,0,1934408,1.8610344870368607
2020-03-17,Nevada,32,55,1,3080156,1.7856238450260309
2020-03-17,New Hampshire,33,26,0,1359711,1.9121710422288267
2020-03-17,New Jersey,34,268,3,8882190,3.0172738930376406
2020-03-17,New Mexico,35,23,0,2096829,1.0968944057908394
2020-03-17,New York,36,1374,17,19453561,7.062974228728611
2020-03-17,North Carolina,37,42,0,10488084,0.4004544586027343
2020-03-17,North Dakota,38,5,0,762062,0.6561145943505909
2020-03-17,Ohio,39,67,0,11689100,0.5731835641751717
2020-03-17,Oklahoma,40,18,0,3956971,0.4548934020491937
2020-03-17,Oregon,41,66,2,4217737,1.5648201867494347
2020-03-17,Pennsylvania,42,101,0,12801989,0.7889399061348982
2020-03-17,Puerto Rico,72,5,0,3193694,0.15655851812978952
2020-03-17,Rhode Island,44,23,0,1059361,2.1711201375168616
2020-03-17,South Carolina,45,47,1,5148714,0.9128493056712803
2020-03-17,South Dakota,46,11,1,884659,1.2434169550075227
2020-03-17,Tennessee,47,73,0,6833174,1.068317592966314
2020-03-17,Texas,48,106,1,28995881,0.36556916480654617
2020-03-17,Utah,49,51,0,3205958,1.5907881513107784
2020-03-17,Vermont,50,14,0,623989,2.243629294747183
2020-03-17,Virgin Islands,78,2,0,104914,1.9063232743008558
2020-03-17,Virginia,51,67,2,8535519,0.7849551972176502
2020-03-17,Washington,53,908,54,7614893,11.92400208381129
2020-03-17,West Virginia,54,1,0,1792065,0.05580154737690876
2020-03-17,Wisconsin,55,72,0,5822434,1.2365962413657243
2020-03-17,Wyoming,56,15,0,578759,2.5917523528791775
2020-03-18,Alabama,01,51,0,4903185,1.0401402353776168
2020-03-18,Alaska,02,9,0,731545,1.2302729155417642
2020-03-18,Arizona,04,28,0,7278717,0.38468317974170446
2020-03-18,Arkansas,05,33,0,3017825,1.0935027710354313
2020-03-18,California,06,893,17,39512223,2.2600601337970785
2020-03-18,Colorado,08,216,3,5758736,3.750823097290794
2020-03-18,Connecticut,09,96,1,3565287,2.6926303548634376
2020-03-18,Delaware,10,26,0,973764,2.670051470376806
2020-03-18,District of Columbia,11,36,0,705749,5.100963657050878
2020-03-18,Florida,12,326,7,21477737,1.5178507866075461
2020-03-18,Georgia,13,193,3,10617423,1.8177668912691902
2020-03-18,Guam,66,8,0,165718,4.827478004803341
2020-03-18,Hawaii,15,16,0,1415872,1.1300456538444152
2020-03-18,Idaho,16,11,0,1787147,0.6155061670920188
2020-03-18,Illinois,17,286,1,12671821,2.256976325659903
2020-03-18,Indiana,18,39,2,6732219,0.5793037927019309
2020-03-18,Iowa,19,38,0,3155070,1.2044106786854174
2020-03-18,Kansas,20,22,1,2913314,0.7551537527365741
2020-03-18,Kentucky,21,35,1,4467673,0.7834055894421995
2020-03-18,Louisiana,22,280,7,4648794,6.023067488040984
2020-03-18,Maine,23,43,0,1344212,3.1989001734845397
2020-03-18,Maryland,24,85,1,6045680,1.4059626047028622
2020-03-18,Massachusetts,25,256,0,6949503,3.6837166629038074
2020-03-18,Michigan,26,80,1,9986857,0.8010528237262233
2020-03-18,Minnesota,27,77,0,5639632,1.3653373127892032
2020-03-18,Mississippi,28,34,0,2976149,1.142415920708271
2020-03-18,Missouri,29,21,1,6137428,0.34216287343818946
2020-03-18,Montana,30,12,0,1068778,1.1227776020838753
2020-03-18,Nebraska,31,43,0,1934408,2.2229023039606948
2020-03-18,Nevada,32,82,1,3080156,2.6622028234933555
2020-03-18,New Hampshire,33,39,0,1359711,2.86825656334324
2020-03-18,New Jersey,34,427,5,8882190,4.807372956444301
2020-03-18,New Mexico,35,28,0,2096829,1.3353497113975437
2020-03-18,New York,36,2382,27,19453561,12.24454484194436
2020-03-18,North Carolina,37,66,0,10488084,0.6292855778042967
2020-03-18,North Dakota,38,7,0,762062,0.9185604320908273
2020-03-18,Ohio,39,90,0,11689100,0.7699480712800814
2020-03-18,Oklahoma,40,29,0,3956971,0.7328838144125899
2020-03-18,Oregon,41,74,3,4217737,1.754495360900881
2020-03-18,Pennsylvania,42,139,1,12801989,1.0857687817104045
2020-03-18,Puerto Rico,72,5,0,3193694,0.15655851812978952
2020-03-18,Rhode Island,44,33,0,1059361,3.1150854146981053
2020-03-18,South Carolina,45,60,1,5148714,1.1653395391548258
2020-03-18,South Dakota,46,11,1,884659,1.2434169550075227
2020-03-18,Tennessee,47,98,0,6833174,1.4341797823383393
2020-03-18,Texas,48,166,2,28995881,0.5724951071498742
2020-03-18,Utah,49,65,0,3205958,2.027475094807855
2020-03-18,Vermont,50,19,0,623989,3.0449254714426055
2020-03-18,Virgin Islands,78,3,0,104914,2.859484911451284
2020-03-18,Virginia,51,78,2,8535519,0.9138284385518912
2020-03-18,Washington,53,1026,68,7614893,13.473597068271346
2020-03-18,West Virginia,54,2,0,1792065,0.11160309475381752
2020-03-18,Wisconsin,55,106,0,5822434,1.820544466455094
2020-03-18,Wyoming,56,17,0,578759,2.9373193332630683
2020-03-19,Alabama,01,78,0,4903185,1.5908027129304727
2020-03-19,Alaska,02,12,0,731545,1.6403638873890192
2020-03-19,Arizona,04,47,0,7278717,0.6457181945664325
2020-03-19,Arkansas,05,62,0,3017825,2.054459751642325
2020-03-19,California,06,1067,19,39512223,2.7004301934619064
2020-03-19,Colorado,08,278,5,5758736,4.8274482455872265
2020-03-19,Connecticut,09,159,4,3565287,4.459669025242568
2020-03-19,Delaware,10,30,0,973764,3.0808286196655454
2020-03-19,District of Columbia,11,68,0,705749,9.635153574429436
2020-03-19,Florida,12,434,8,21477737,2.020697059471396
2020-03-19,Georgia,13,282,10,10617423,2.656011727139439
2020-03-19,Guam,66,12,0,165718,7.241217007205011
2020-03-19,Hawaii,15,26,0,1415872,1.836324187497175
2020-03-19,Idaho,16,23,0,1787147,1.2869674402833118
2020-03-19,Illinois,17,420,4,12671821,3.314440757962095
2020-03-19,Indiana,18,56,2,6732219,0.8318208305463622
2020-03-19,Iowa,19,44,0,3155070,1.3945807858462729
2020-03-19,Kansas,20,35,1,2913314,1.2013809702627318
2020-03-19,Kentucky,21,47,2,4467673,1.052001791536668
2020-03-19,Louisiana,22,392,10,4648794,8.432294483257378
2020-03-19,Maine,23,52,0,1344212,3.868437419097583
2020-03-19,Maryland,24,108,1,6045680,1.786399544798931
2020-03-19,Massachusetts,25,328,0,6949503,4.719761974345504
2020-03-19,Michigan,26,334,3,9986857,3.344395539056982
2020-03-19,Minnesota,27,89,0,5639632,1.5781171537433647
2020-03-19,Mississippi,28,50,1,2976149,1.6800234128062808
2020-03-19,Missouri,29,35,1,6137428,0.5702714557303157
2020-03-19,Montana,30,19,0,1068778,1.777731203299469
2020-03-19,Nebraska,31,47,0,1934408,2.429683913631457
2020-03-19,Nevada,32,99,1,3080156,3.2141229210468563
2020-03-19,New Hampshire,33,44,0,1359711,3.2359817637718606
2020-03-19,New Jersey,34,735,9,8882190,8.274986236502484
2020-03-19,New Mexico,35,35,0,2096829,1.6691871392469297
2020-03-19,New York,36,4152,30,19453561,21.343136097293446
2020-03-19,North Carolina,37,104,0,10488084,0.9916015165401039
2020-03-19,North Dakota,38,19,0,762062,2.4932354585322454
2020-03-19,Ohio,39,120,0,11689100,1.026597428373442
2020-03-19,Oklahoma,40,44,1,3956971,1.1119616494535847
2020-03-19,Oregon,41,87,3,4217737,2.062717518896982
2020-03-19,Pennsylvania,42,187,1,12801989,1.4607105192794652
2020-03-19,Puerto Rico,72,6,0,3193694,0.1878702217557474
2020-03-19,Rhode Island,44,44,0,1059361,4.153447219597474
2020-03-19,South Carolina,45,81,1,5148714,1.573208377859015
2020-03-19,South Dakota,46,14,1,884659,1.5825306700095743
2020-03-19,Tennessee,47,155,0,6833174,2.268345574106557
2020-03-19,Texas,48,248,4,28995881,0.855293895019089
2020-03-19,Utah,49,80,0,3205958,2.4953539628404364
2020-03-19,Vermont,50,22,2,623989,3.525703177459859
2020-03-19,Virgin Islands,78,3,0,104914,2.859484911451284
2020-03-19,Virginia,51,94,2,8535519,1.101280425947151
2020-03-19,Washington,53,1228,75,7614893,16.1262935670928
2020-03-19,West Virginia,54,5,0,1792065,0.27900773688454383
2020-03-19,Wisconsin,55,155,2,5822434,2.6621169084956566
2020-03-19,Wyoming,56,18,0,578759,3.1101028234550134
2020-03-20,Alabama,01,106,0,4903185,2.1618600970593604
2020-03-20,Alaska,02,14,0,731545,1.9137578686205223
2020-03-20,Arizona,04,70,1,7278717,0.9617079493542613
2020-03-20,Arkansas,05,100,0,3017825,3.3136447607134274
2020-03-20,California,06,1283,24,39512223,3.247096474425142
2020-03-20,Colorado,08,364,5,5758736,6.320831515804857
2020-03-20,Connecticut,09,194,4,3565287,5.441357175453197
2020-03-20,Delaware,10,39,0,973764,4.005077205565208
2020-03-20,District of Columbia,11,77,1,705749,10.910394488692155
2020-03-20,Florida,12,564,9,21477737,2.625974980511215
2020-03-20,Georgia,13,482,14,10617423,4.53970798752202
2020-03-20,Guam,66,14,0,165718,8.448086508405845
2020-03-20,Hawaii,15,37,0,1415872,2.6132305745152102
2020-03-20,Idaho,16,31,0,1787147,1.7346082890775074
2020-03-20,Illinois,17,583,5,12671821,4.6007594330759565
2020-03-20,Indiana,18,79,3,6732219,1.1734615288064751
2020-03-20,Iowa,19,45,0,3155070,1.4262758037064154
2020-03-20,Kansas,20,49,1,2913314,1.6819333583678244
2020-03-20,Kentucky,21,63,2,4467673,1.4101300609959593
2020-03-20,Louisiana,22,537,10,4648794,11.551383003850031
2020-03-20,Maine,23,57,0,1344212,4.240402555549274
2020-03-20,Maryland,24,150,2,6045680,2.481110478887404
2020-03-20,Massachusetts,25,413,1,6949503,5.942871022575284
2020-03-20,Michigan,26,548,4,9986857,5.48721184252463
2020-03-20,Minnesota,27,115,0,5639632,2.0391401424773816
2020-03-20,Mississippi,28,80,1,2976149,2.6880374604900497
2020-03-20,Missouri,29,73,3,6137428,1.1894233219518013
2020-03-20,Montana,30,19,0,1068778,1.777731203299469
2020-03-20,Nebraska,31,53,0,1934408,2.7398563281376007
2020-03-20,Nevada,32,165,2,3080156,5.356871535078094
2020-03-20,New Hampshire,33,55,0,1359711,4.044977204714826
2020-03-20,New Jersey,34,896,11,8882190,10.087602269260172
2020-03-20,New Mexico,35,43,0,2096829,2.0507156282176564
2020-03-20,New York,36,7102,57,19453561,36.50745485620859
2020-03-20,North Carolina,37,144,0,10488084,1.3729867152093749
2020-03-20,North Dakota,38,27,0,762062,3.5430188094931907
2020-03-20,Ohio,39,169,1,11689100,1.4457913782925973
2020-03-20,Oklahoma,40,49,1,3956971,1.238320927800583
2020-03-20,Oregon,41,114,3,4217737,2.7028712316581145
2020-03-20,Pennsylvania,42,269,1,12801989,2.1012359876266102
2020-03-20,Puerto Rico,72,14,0,3193694,0.43836385076341067
2020-03-20,Rhode Island,44,44,0,1059361,4.153447219597474
2020-03-20,South Carolina,45,126,3,5148714,2.447213032225134
2020-03-20,South Dakota,46,14,1,884659,1.5825306700095743
2020-03-20,Tennessee,47,237,0,6833174,3.4683735552468002
2020-03-20,Texas,48,377,5,28995881,1.3001846710572444
2020-03-20,Utah,49,112,0,3205958,3.493495547976611
2020-03-20,Vermont,50,29,2,623989,4.647517824833451
2020-03-20,Virgin Islands,78,6,0,104914,5.718969822902568
2020-03-20,Virginia,51,115,2,8535519,1.3473111594034295
2020-03-20,Washington,53,1404,83,7614893,18.43755388289763
2020-03-20,West Virginia,54,8,0,1792065,0.4464123790152701
2020-03-20,Wisconsin,55,216,3,5822434,3.7097887240971734
2020-03-20,Wyoming,56,22,0,578759,3.8012367842227937
2020-03-21,Alabama,01,131,0,4903185,2.671732761460153
2020-03-21,Alaska,02,21,0,731545,2.8706368029307834
2020-03-21,Arizona,04,104,1,7278717,1.4288232390406166
2020-03-21,Arkansas,05,118,0,3017825,3.910100817641845
2020-03-21,California,06,1544,28,39512223,3.907651563922384
2020-03-21,Colorado,08,475,6,5758736,8.248337829690405
2020-03-21,Connecticut,09,223,5,3565287,6.25475592848486
2020-03-21,Delaware,10,45,0,973764,4.621242929498318
2020-03-21,District of Columbia,11,98,1,705749,13.885956621971834
2020-03-21,Florida,12,764,11,21477737,3.5571717821109363
2020-03-21,Georgia,13,552,20,10617423,5.1990016786559226
2020-03-21,Guam,66,15,0,165718,9.051521259006265
2020-03-21,Hawaii,15,48,0,1415872,3.390136961533246
2020-03-21,Idaho,16,42,0,1787147,2.350114456169526
2020-03-21,Illinois,17,751,6,12671821,5.926535736260795
2020-03-21,Indiana,18,126,4,6732219,1.871596868729315
2020-03-21,Iowa,19,68,0,3155070,2.1552612144896943
2020-03-21,Kansas,20,57,2,2913314,1.956534722999306
2020-03-21,Kentucky,21,84,3,4467673,1.880173414661279
2020-03-21,Louisiana,22,763,16,4648794,16.41285890491168
2020-03-21,Maine,23,70,0,1344212,5.207511910323669
2020-03-21,Maryland,24,195,3,6045680,3.225443622553625
2020-03-21,Massachusetts,25,525,2,6949503,7.554497062595699
2020-03-21,Michigan,26,787,6,9986857,7.880357153406722
2020-03-21,Minnesota,27,138,1,5639632,2.4469681709728577
2020-03-21,Mississippi,28,140,1,2976149,4.704065555857587
2020-03-21,Missouri,29,93,3,6137428,1.5152927252262673
2020-03-21,Montana,30,29,0,1068778,2.713379205036032
2020-03-21,Nebraska,31,61,0,1934408,3.1534195474791256
2020-03-21,Nevada,32,165,2,3080156,5.356871535078094
2020-03-21,New Hampshire,33,65,0,1359711,4.780427605572067
2020-03-21,New Jersey,34,1336,16,8882190,15.041335526486149
2020-03-21,New Mexico,35,57,0,2096829,2.718390483916428
2020-03-21,New York,36,10356,80,19453561,53.23446951434752
2020-03-21,North Carolina,37,184,0,10488084,1.7543719138786456
2020-03-21,North Dakota,38,28,0,762062,3.674241728363309
2020-03-21,Ohio,39,247,3,11689100,2.1130797067353346
2020-03-21,Oklahoma,40,53,1,3956971,1.3394083504781813
2020-03-21,Oregon,41,137,4,4217737,3.248187357343523
2020-03-21,Pennsylvania,42,388,2,12801989,3.0307790453499064
2020-03-21,Puerto Rico,72,21,1,3193694,0.657545776145116
2020-03-21,Rhode Island,44,66,0,1059361,6.230170829396211
2020-03-21,South Carolina,45,172,3,5148714,3.340640012243834
2020-03-21,South Dakota,46,14,1,884659,1.5825306700095743
2020-03-21,Tennessee,47,312,2,6833174,4.565960123362877
2020-03-21,Texas,48,547,5,28995881,1.886474841030007
2020-03-21,Utah,49,138,0,3205958,4.304485585899752
2020-03-21,Vermont,50,49,2,623989,7.852702531615141
2020-03-21,Virgin Islands,78,6,0,104914,5.718969822902568
2020-03-21,Virginia,51,152,3,8535519,1.7807938802549674
2020-03-21,Washington,53,1655,95,7614893,21.733726265096568
2020-03-21,West Virginia,54,12,0,1792065,0.6696185685229051
2020-03-21,Wisconsin,55,281,4,5822434,4.826160330885674
2020-03-21,Wyoming,56,24,0,578759,4.146803764606684
2020-03-22,Alabama,01,157,0,4903185,3.2020003324369775
2020-03-22,Alaska,02,22,0,731545,3.007333793546535
2020-03-22,Arizona,04,153,2,7278717,2.1020188035885994
2020-03-22,Arkansas,05,165,0,3017825,5.467513855177156
2020-03-22,California,06,1851,35,39512223,4.6846263243655
2020-03-22,Colorado,08,591,7,5758736,10.262668752309533
2020-03-22,Connecticut,09,327,8,3565287,9.171772146253584
2020-03-22,Delaware,10,56,0,973764,5.750880090042351
2020-03-22,District of Columbia,11,116,2,705749,16.436438450497274
2020-03-22,Florida,12,1000,13,21477737,4.655984007998608
2020-03-22,Georgia,13,620,25,10617423,5.839458407186
2020-03-22,Guam,66,27,1,165718,16.292738266211273
2020-03-22,Hawaii,15,56,0,1415872,3.9551597884554535
2020-03-22,Idaho,16,47,0,1787147,2.6298899866658982
2020-03-22,Illinois,17,1047,9,12671821,8.262427318062652
2020-03-22,Indiana,18,201,6,6732219,2.9856426239253357
2020-03-22,Iowa,19,90,0,3155070,2.8525516074128308
2020-03-22,Kansas,20,66,2,2913314,2.2654612582097227
2020-03-22,Kentucky,21,103,3,4467673,2.3054507346441873
2020-03-22,Louisiana,22,837,20,4648794,18.004669598179657
2020-03-22,Maine,23,89,0,1344212,6.620979428840093
2020-03-22,Maryland,24,245,3,6045680,4.052480448849426
2020-03-22,Massachusetts,25,646,5,6949503,9.295628766546328
2020-03-22,Michigan,26,1033,9,9986857,10.34359458636486
2020-03-22,Minnesota,27,171,1,5639632,3.032112733596802
2020-03-22,Mississippi,28,207,1,2976149,6.955296929018002
2020-03-22,Missouri,29,130,3,6137428,2.1181511212840296
2020-03-22,Montana,30,34,0,1068778,3.181203205904313
2020-03-22,Nebraska,31,62,0,1934408,3.205114949896816
2020-03-22,Nevada,32,190,2,3080156,6.168518737362653
2020-03-22,New Hampshire,33,78,0,1359711,5.73651312668648
2020-03-22,New Jersey,34,1914,20,8882190,21.548739668933
2020-03-22,New Mexico,35,65,0,2096829,3.099918972887155
2020-03-22,New York,36,15168,122,19453561,77.97030065600842
2020-03-22,North Carolina,37,269,0,10488084,2.5648154610508462
2020-03-22,North Dakota,38,30,0,762062,3.936687566103545
2020-03-22,Ohio,39,351,3,11689100,3.002797477992318
2020-03-22,Oklahoma,40,67,2,3956971,1.6932143298497766
2020-03-22,Oregon,41,161,5,4217737,3.817212879797863
2020-03-22,Pennsylvania,42,504,3,12801989,3.936888244475136
2020-03-22,Puerto Rico,72,23,1,3193694,0.7201691833970318
2020-03-22,Rhode Island,44,83,0,1059361,7.834911800604327
2020-03-22,South Carolina,45,194,3,5148714,3.7679311766006034
2020-03-22,South Dakota,46,21,1,884659,2.3737960050143614
2020-03-22,Tennessee,47,424,2,6833174,6.20502273174955
2020-03-22,Texas,48,632,7,28995881,2.179619926016388
2020-03-22,Utah,49,182,1,3205958,5.676930265461993
2020-03-22,Vermont,50,52,2,623989,8.333480237632394
2020-03-22,Virgin Islands,78,17,0,104914,16.203747831557273
2020-03-22,Virginia,51,219,6,8535519,2.5657490774726175
2020-03-22,Washington,53,1844,97,7614893,24.21570467240971
2020-03-22,West Virginia,54,16,0,1792065,0.8928247580305402
2020-03-22,Wisconsin,55,382,4,5822434,6.560830058357038
2020-03-22,Wyoming,56,26,0,578759,4.492370744990575
2020-03-23,Alabama,01,196,0,4903185,3.9974016889022135
2020-03-23,Alaska,02,36,0,731545,4.921091662167057
2020-03-23,Arizona,04,234,2,7278717,3.2148522878413877
2020-03-23,Arkansas,05,201,0,3017825,6.66042596903399
2020-03-23,California,06,2240,39,39512223,5.669131802581697
2020-03-23,Colorado,08,721,10,5758736,12.520108579382699
2020-03-23,Connecticut,09,415,10,3565287,11.640016638211735
2020-03-23,Delaware,10,87,0,973764,8.93440299703008
2020-03-23,District of Columbia,11,138,2,705749,19.553694018695033
2020-03-23,Florida,12,1222,18,21477737,5.689612457774299
2020-03-23,Georgia,13,800,25,10617423,7.534785041530323
2020-03-23,Guam,66,29,1,165718,17.499607767412108
2020-03-23,Hawaii,15,77,0,1415872,5.438344709126249
2020-03-23,Idaho,16,50,0,1787147,2.7977553049637214
2020-03-23,Illinois,17,1285,12,12671821,10.140610414241173
2020-03-23,Indiana,18,259,7,6732219,3.8471713412769253
2020-03-23,Iowa,19,105,0,3155070,3.327976875314969
2020-03-23,Kansas,20,82,2,2913314,2.8146639874726858
2020-03-23,Kentucky,21,124,3,4467673,2.775494088309507
2020-03-23,Louisiana,22,1172,34,4648794,25.210839628514403
2020-03-23,Maine,23,107,0,1344212,7.960053920066181
2020-03-23,Maryland,24,290,3,6045680,4.796813592515647
2020-03-23,Massachusetts,25,777,5,6949503,11.180655652641635
2020-03-23,Michigan,26,1324,16,9986857,13.257424232668996
2020-03-23,Minnesota,27,235,1,5639632,4.166938552018997
2020-03-23,Mississippi,28,249,1,2976149,8.366516595775279
2020-03-23,Missouri,29,183,4,6137428,2.981705039961365
2020-03-23,Montana,30,45,0,1068778,4.2104160078145325
2020-03-23,Nebraska,31,73,0,1934408,3.7737643764914126
2020-03-23,Nevada,32,265,4,3080156,8.603460344216332
2020-03-23,New Hampshire,33,101,1,1359711,7.428049048658134
2020-03-23,New Jersey,34,2844,27,8882190,32.01913041716063
2020-03-23,New Mexico,35,83,0,2096829,3.95835807307129
2020-03-23,New York,36,20875,159,19453561,107.30683189571309
2020-03-23,North Carolina,37,303,0,10488084,2.888992879919726
2020-03-23,North Dakota,38,32,0,762062,4.199133403843782
2020-03-23,Ohio,39,444,6,11689100,3.7984104849817353
2020-03-23,Oklahoma,40,81,2,3956971,2.0470203092213715
2020-03-23,Oregon,41,191,5,4217737,4.528494782865788
2020-03-23,Pennsylvania,42,644,6,12801989,5.030468312384896
2020-03-23,Puerto Rico,72,31,2,3193694,0.970662812404695
2020-03-23,Rhode Island,44,106,0,1059361,10.006031938121188
2020-03-23,South Carolina,45,299,5,5148714,5.807275370121549
2020-03-23,South Dakota,46,28,1,884659,3.1650613400191485
2020-03-23,Tennessee,47,522,2,6833174,7.639202514087889
2020-03-23,Texas,48,728,7,28995881,2.510701433765713
2020-03-23,Utah,49,257,1,3205958,8.016324605624902
2020-03-23,Vermont,50,75,2,623989,12.019442650431337
2020-03-23,Virgin Islands,78,17,0,104914,16.203747831557273
2020-03-23,Virginia,51,254,6,8535519,2.975800299899748
2020-03-23,Washington,53,2101,110,7614893,27.590670019920175
2020-03-23,West Virginia,54,16,0,1792065,0.8928247580305402
2020-03-23,Wisconsin,55,418,5,5822434,7.179128179039901
2020-03-23,Wyoming,56,28,0,578759,4.837937725374465
2020-03-24,Alabama,01,242,0,4903185,4.9355673913996725
2020-03-24,Alaska,02,42,0,731545,5.741273605861567
2020-03-24,Arizona,04,326,6,7278717,4.478811306992703
2020-03-24,Arkansas,05,232,2,3017825,7.687655844855152
2020-03-24,California,06,2644,52,39512223,6.691600216975897
2020-03-24,Colorado,08,912,11,5758736,15.836808633005578
2020-03-24,Connecticut,09,618,12,3565287,17.33380790943338
2020-03-24,Delaware,10,104,0,973764,10.680205881507224
2020-03-24,District of Columbia,11,183,2,705749,25.929898590008627
2020-03-24,Florida,12,1467,19,21477737,6.830328539733958
2020-03-24,Georgia,13,1097,38,10617423,10.332073988198454
2020-03-24,Guam,66,32,1,165718,19.309912019213364
2020-03-24,Hawaii,15,90,0,1415872,6.3565068028748355
2020-03-24,Idaho,16,73,0,1787147,4.084722745247033
2020-03-24,Illinois,17,1535,16,12671821,12.11349181779004
2020-03-24,Indiana,18,366,12,6732219,5.436543285356581
2020-03-24,Iowa,19,124,1,3155070,3.9301822146576777
2020-03-24,Kansas,20,99,3,2913314,3.3981918873145838
2020-03-24,Kentucky,21,157,3,4467673,3.5141336440692954
2020-03-24,Louisiana,22,1388,46,4648794,29.857205976431736
2020-03-24,Maine,23,118,0,1344212,8.7783772202599
2020-03-24,Maryland,24,349,4,6045680,5.772717047544693
2020-03-24,Massachusetts,25,1159,11,6949503,16.67745161056841
2020-03-24,Michigan,26,1791,24,9986857,17.933570091170825
2020-03-24,Minnesota,27,262,1,5639632,4.645693194165861
2020-03-24,Mississippi,28,320,1,2976149,10.752149841960199
2020-03-24,Missouri,29,255,5,6137428,4.154834891749442
2020-03-24,Montana,30,51,0,1068778,4.77180480885647
2020-03-24,Nebraska,31,77,0,1934408,3.980545986162175
2020-03-24,Nevada,32,315,6,3080156,10.226754748785451
2020-03-24,New Hampshire,33,108,1,1359711,7.942864329258203
2020-03-24,New Jersey,34,3675,44,8882190,41.37493118251242
2020-03-24,New Mexico,35,100,0,2096829,4.769106112134085
2020-03-24,New York,36,25665,218,19453561,131.92957320256173
2020-03-24,North Carolina,37,399,0,10488084,3.804317356725976
2020-03-24,North Dakota,38,36,0,762062,4.724025079324255
2020-03-24,Ohio,39,564,8,11689100,4.825007913355177
2020-03-24,Oklahoma,40,106,3,3956971,2.6788167009563626
2020-03-24,Oregon,41,209,8,4217737,4.955263924706543
2020-03-24,Pennsylvania,42,851,7,12801989,6.64740455565147
2020-03-24,Puerto Rico,72,39,2,3193694,1.2211564414123584
2020-03-24,Rhode Island,44,124,0,1059361,11.705169437047427
2020-03-24,South Carolina,45,342,7,5148714,6.642435373182507
2020-03-24,South Dakota,46,30,1,884659,3.3911371500205165
2020-03-24,Tennessee,47,679,2,6833174,9.936817063344208
2020-03-24,Texas,48,857,11,28995881,2.9555922098038683
2020-03-24,Utah,49,298,1,3205958,9.295193511580626
2020-03-24,Vermont,50,95,7,623989,15.224627357213029
2020-03-24,Virgin Islands,78,17,0,104914,16.203747831557273
2020-03-24,Virginia,51,290,7,8535519,3.3975672715390823
2020-03-24,Washington,53,2469,123,7614893,32.42330522569391
2020-03-24,West Virginia,54,39,0,1792065,2.1762603476994418
2020-03-24,Wisconsin,55,481,5,5822434,8.26114989023491
2020-03-24,Wyoming,56,37,0,578759,6.392989137101971
2020-03-25,Alabama,01,386,1,4903185,7.8724339383482365
2020-03-25,Alaska,02,59,0,731545,8.065122446329344
2020-03-25,Arizona,04,402,6,7278717,5.522951366291615
2020-03-25,Arkansas,05,308,2,3017825,10.206025862997357
2020-03-25,California,06,3183,67,39512223,8.055735056972116
2020-03-25,Colorado,08,1086,19,5758736,18.858305016934274
2020-03-25,Connecticut,09,875,19,3565287,24.542203755265703
2020-03-25,Delaware,10,119,0,973764,12.220620191339995
2020-03-25,District of Columbia,11,231,3,705749,32.731183466076466
2020-03-25,Florida,12,1965,23,21477737,9.149008575717264
2020-03-25,Georgia,13,1387,47,10617423,13.063433565753195
2020-03-25,Guam,66,32,1,165718,19.309912019213364
2020-03-25,Hawaii,15,95,0,1415872,6.709646069701217
2020-03-25,Idaho,16,123,0,1787147,6.882478050210755
2020-03-25,Illinois,17,1875,21,12671821,14.796610526616497
2020-03-25,Indiana,18,479,14,6732219,7.1150388898519195
2020-03-25,Iowa,19,145,1,3155070,4.595777589720672
2020-03-25,Kansas,20,132,3,2913314,4.530922516419445
2020-03-25,Kentucky,21,198,5,4467673,4.431837334558729
2020-03-25,Louisiana,22,1795,65,4648794,38.6121647894056
2020-03-25,Maine,23,142,0,1344212,10.563809875228015
2020-03-25,Maryland,24,423,4,6045680,6.996731550462479
2020-03-25,Massachusetts,25,1838,15,6949503,26.447934478192177
2020-03-25,Michigan,26,2294,43,9986857,22.970189720349456
2020-03-25,Minnesota,27,287,1,5639632,5.08898452948703
2020-03-25,Mississippi,28,377,5,2976149,12.66737653255936
2020-03-25,Missouri,29,377,8,6137428,6.142638251723685
2020-03-25,Montana,30,65,0,1068778,6.0817120112876575
2020-03-25,Nebraska,31,84,0,1934408,4.342413803086009
2020-03-25,Nevada,32,405,10,3080156,13.148684677009866
2020-03-25,New Hampshire,33,137,1,1359711,10.075670491744201
2020-03-25,New Jersey,34,4402,62,8882190,49.559849541610795
2020-03-25,New Mexico,35,112,1,2096829,5.341398845590175
2020-03-25,New York,36,33066,325,19453561,169.97402172280954
2020-03-25,North Carolina,37,563,1,10488084,5.367996671269986
2020-03-25,North Dakota,38,45,0,762062,5.905031349155318
2020-03-25,Ohio,39,706,11,11689100,6.03981487026375
2020-03-25,Oklahoma,40,164,5,3956971,4.144584329781543
2020-03-25,Oregon,41,266,10,4217737,6.3066995405355994
2020-03-25,Pennsylvania,42,1151,11,12801989,8.990790415458097
2020-03-25,Puerto Rico,72,51,2,3193694,1.5968968849238532
2020-03-25,Rhode Island,44,132,0,1059361,12.460341658792421
2020-03-25,South Carolina,45,424,7,5148714,8.235066076694102
2020-03-25,South Dakota,46,41,1,884659,4.634554105028039
2020-03-25,Tennessee,47,784,3,6833174,11.473438258706715
2020-03-25,Texas,48,1119,12,28995881,3.859168824703067
2020-03-25,Utah,49,346,1,3205958,10.792405889284888
2020-03-25,Vermont,50,123,8,623989,19.711885946707394
2020-03-25,Virgin Islands,78,17,0,104914,16.203747831557273
2020-03-25,Virginia,51,391,9,8535519,4.58085794197166
2020-03-25,Washington,53,2585,130,7614893,33.94663588838346
2020-03-25,West Virginia,54,52,0,1792065,2.9016804635992552
2020-03-25,Wisconsin,55,623,7,5822434,10.699992477372865
2020-03-25,Wyoming,56,49,0,578759,8.466391019405314
2020-03-26,Alabama,01,538,3,4903185,10.972459737905055
2020-03-26,Alaska,02,69,0,731545,9.43209235248686
2020-03-26,Arizona,04,508,8,7278717,6.979251975313781
2020-03-26,Arkansas,05,351,3,3017825,11.630893110104132
2020-03-26,California,06,4060,82,39512223,10.275301392179326
2020-03-26,Colorado,08,1432,24,5758736,24.86656794129823
2020-03-26,Connecticut,09,1012,21,3565287,28.384811657518735
2020-03-26,Delaware,10,143,1,973764,14.685283087072433
2020-03-26,District of Columbia,11,267,3,705749,37.83214712312734
2020-03-26,Florida,12,2477,29,21477737,11.532872387812553
2020-03-26,Georgia,13,1643,56,10617423,15.474564779042899
2020-03-26,Guam,66,49,1,165718,29.568302779420463
2020-03-26,Hawaii,15,106,0,1415872,7.4865524567192505
2020-03-26,Idaho,16,189,3,1787147,10.575515052762867
2020-03-26,Illinois,17,2538,26,12671821,20.02869200882809
2020-03-26,Indiana,18,656,18,6732219,9.744186872114529
2020-03-26,Iowa,19,179,1,3155070,5.673408196965519
2020-03-26,Kansas,20,171,3,2913314,5.869604168997918
2020-03-26,Kentucky,21,248,5,4467673,5.550988176619014
2020-03-26,Louisiana,22,2305,83,4648794,49.58275199976596
2020-03-26,Maine,23,155,0,1344212,11.53091923000241
2020-03-26,Maryland,24,581,4,6045680,9.610167921557212
2020-03-26,Massachusetts,25,2417,25,6949503,34.77946552436915
2020-03-26,Michigan,26,2878,63,9986857,28.817875333550887
2020-03-26,Minnesota,27,346,2,5639632,6.135152080844992
2020-03-26,Mississippi,28,487,6,2976149,16.363428040733176
2020-03-26,Missouri,29,507,8,6137428,8.260789373007716
2020-03-26,Montana,30,90,0,1068778,8.420832015629065
2020-03-26,Nebraska,31,92,0,1934408,4.755977022427533
2020-03-26,Nevada,32,535,10,3080156,17.369250128889576
2020-03-26,New Hampshire,33,158,1,1359711,11.620116333544408
2020-03-26,New Jersey,34,6876,81,8882190,77.4133406288314
2020-03-26,New Mexico,35,136,1,2096829,6.485984312502354
2020-03-26,New York,36,38987,432,19453561,200.4106086284151
2020-03-26,North Carolina,37,638,2,10488084,6.0830939187748685
2020-03-26,North Dakota,38,58,0,762062,7.610929294466855
2020-03-26,Ohio,39,867,15,11689100,7.417166419998118
2020-03-26,Oklahoma,40,248,7,3956971,6.2674202060111135
2020-03-26,Oregon,41,316,11,4217737,7.492169378982142
2020-03-26,Pennsylvania,42,1690,16,12801989,13.201073676910674
2020-03-26,Puerto Rico,72,64,2,3193694,2.003949032061306
2020-03-26,Rhode Island,44,165,0,1059361,15.575427073490529
2020-03-26,South Carolina,45,456,9,5148714,8.856580497576676
2020-03-26,South Dakota,46,46,1,884659,5.199743630031459
2020-03-26,Tennessee,47,981,3,6833174,14.356432310958276
2020-03-26,Texas,48,1543,21,28995881,5.321445483929252
2020-03-26,Utah,49,402,1,3205958,12.539153663273193
2020-03-26,Vermont,50,158,9,623989,25.320959183575354
2020-03-26,Virgin Islands,78,17,0,104914,16.203747831557273
2020-03-26,Virginia,51,604,14,8535519,7.076312524171056
2020-03-26,Washington,53,3208,151,7614893,42.12797211989715
2020-03-26,West Virginia,54,76,0,1792065,4.240917600645066
2020-03-26,Wisconsin,55,754,10,5822434,12.949910638746612
2020-03-26,Wyoming,56,56,0,578759,9.67587545074893
2020-03-27,Alabama,01,639,4,4903185,13.032345302084257
2020-03-27,Alaska,02,85,1,731545,11.619244202338885
2020-03-27,Arizona,04,665,15,7278717,9.136225518865482
2020-03-27,Arkansas,05,386,3,3017825,12.790668776353831
2020-03-27,California,06,4914,102,39512223,12.4366578919136
2020-03-27,Colorado,08,1735,31,5758736,30.128139230553373
2020-03-27,Connecticut,09,1291,27,3565287,36.2102686263406
2020-03-27,Delaware,10,165,2,973764,16.9445574081605
2020-03-27,District of Columbia,11,304,4,705749,43.0748042150963
2020-03-27,Florida,12,3198,46,21477737,14.88983685757955
2020-03-27,Georgia,13,2198,64,10617423,20.70182190160456
2020-03-27,Hawaii,15,120,0,1415872,8.475342403833114
2020-03-27,Idaho,16,231,4,1787147,12.925629508932394
2020-03-27,Illinois,17,3029,37,12671821,23.903431085398065
2020-03-27,Indiana,18,982,26,6732219,14.586572421366567
2020-03-27,Iowa,19,235,3,3155070,7.448329197133502
2020-03-27,Kansas,20,212,4,2913314,7.276936162734261
2020-03-27,Kentucky,21,302,8,4467673,6.759671086044123
2020-03-27,Louisiana,22,2746,119,4648794,59.069083293430516
2020-03-27,Maine,23,168,1,1344212,12.498028584776804
2020-03-27,Maryland,24,775,5,6045680,12.81907080758492
2020-03-27,Massachusetts,25,3240,35,6949503,46.622039014876314
2020-03-27,Michigan,26,3657,93,9986857,36.61812720458499
2020-03-27,Minnesota,27,398,4,5639632,7.057198058313025
2020-03-27,Mississippi,28,579,8,2976149,19.45467112029673
2020-03-27,Missouri,29,671,9,6137428,10.932918479858337
2020-03-27,Montana,30,121,1,1068778,11.321340821012408
2020-03-27,Nebraska,31,100,2,1934408,5.169540241769058
2020-03-27,Nevada,32,621,10,3080156,20.161316504748463
2020-03-27,New Hampshire,33,187,2,1359711,13.752922496030406
2020-03-27,New Jersey,34,8825,108,8882190,99.35612726140737
2020-03-27,New Mexico,35,191,1,2096829,9.108992674176102
2020-03-27,New York,36,44635,535,19453561,229.44385349294149
2020-03-27,North Carolina,37,783,3,10488084,7.465615263950975
2020-03-27,North Dakota,38,68,1,762062,8.923158483168036
2020-03-27,Ohio,39,1144,22,11689100,9.786895483826815
2020-03-27,Oklahoma,40,322,8,3956971,8.137537525546687
2020-03-27,Oregon,41,414,12,4217737,9.815690262337363
2020-03-27,Pennsylvania,42,2218,23,12801989,17.32543279017034
2020-03-27,Rhode Island,44,203,0,1059361,19.162495126779255
2020-03-27,South Carolina,45,539,13,5148714,10.468633526740852
2020-03-27,South Dakota,46,58,1,884659,6.556198490039665
2020-03-27,Tennessee,47,1062,6,6833174,15.541825804523638
2020-03-27,Texas,48,1942,23,28995881,6.697503000512383
2020-03-27,Utah,49,480,2,3205958,14.972123777042619
2020-03-27,Vermont,50,184,10,623989,29.48769930239155
2020-03-27,Virginia,51,606,14,8535519,7.099744022595462
2020-03-27,Washington,53,3770,177,7614893,49.50824653741031
2020-03-27,West Virginia,54,96,0,1792065,5.356948548183241
2020-03-27,Wisconsin,55,930,16,5822434,15.972701450973942
2020-03-27,Wyoming,56,73,0,578759,12.613194784011998
2020-03-28,Alabama,01,720,4,4903185,14.684332734742826
2020-03-28,Alaska,02,102,1,731545,13.943093042806664
2020-03-28,Arizona,04,773,15,7278717,10.620003497869199
2020-03-28,Arkansas,05,409,5,3017825,13.55280707131792
2020-03-28,California,06,5565,121,39512223,14.084249322038906
2020-03-28,Colorado,08,2061,44,5758736,35.789103719983
2020-03-28,Connecticut,09,1524,33,3565287,42.74550688345707
2020-03-28,Delaware,10,214,5,973764,21.97657748694756
2020-03-28,District of Columbia,11,342,4,705749,48.45915474198334
2020-03-28,Florida,12,4038,56,21477737,18.80086342429838
2020-03-28,Georgia,13,2447,79,10617423,23.047023745780873
2020-03-28,Hawaii,15,151,0,1415872,10.664805858156669
2020-03-28,Idaho,16,261,5,1787147,14.604282691910624
2020-03-28,Illinois,17,3547,50,12671821,27.991241353551317
2020-03-28,Indiana,18,1232,31,6732219,18.300058272019967
2020-03-28,Iowa,19,298,3,3155070,9.445115322322485
2020-03-28,Kansas,20,271,6,2913314,9.302121226891437
2020-03-28,Kentucky,21,394,9,4467673,8.818908635435045
2020-03-28,Louisiana,22,3315,137,4648794,71.30881686734237
2020-03-28,Maine,23,211,1,1344212,15.696928758261345
2020-03-28,Maryland,24,1066,10,6045680,17.632425136626484
2020-03-28,Massachusetts,25,4257,44,6949503,61.25617903899027
2020-03-28,Michigan,26,4635,111,9986857,46.41099797463807
2020-03-28,Minnesota,27,441,5,5639632,7.8196591550654375
2020-03-28,Mississippi,28,669,13,2976149,22.478713263348038
2020-03-28,Missouri,29,838,10,6137428,13.653927997200132
2020-03-28,Montana,30,147,1,1068778,13.754025625527472
2020-03-28,Nebraska,31,122,2,1934408,6.306839094958251
2020-03-28,Nevada,32,738,14,3080156,23.9598254114402
2020-03-28,New Hampshire,33,214,2,1359711,15.738638578344956
2020-03-28,New Jersey,34,11124,140,8882190,125.23938353041311
2020-03-28,New Mexico,35,208,2,2096829,9.919740713238895
2020-03-28,New York,36,53363,782,19453561,274.3096752311826
2020-03-28,North Carolina,37,972,4,10488084,9.267660327663279
2020-03-28,North Dakota,38,94,1,762062,12.334954373791108
2020-03-28,Ohio,39,1406,25,11689100,12.028299869108828
2020-03-28,Oklahoma,40,377,15,3956971,9.527489587363668
2020-03-28,Oregon,41,479,13,4217737,11.356801052317866
2020-03-28,Pennsylvania,42,2815,35,12801989,21.98877065118553
2020-03-28,Rhode Island,44,239,2,1059361,22.560770124631734
2020-03-28,South Carolina,45,660,15,5148714,12.818734930703085
2020-03-28,South Dakota,46,68,1,884659,7.686577540046504
2020-03-28,Tennessee,47,1373,6,6833174,20.093151440311633
2020-03-28,Texas,48,2161,29,28995881,7.45278269006553
2020-03-28,Utah,49,608,2,3205958,18.964690117587317
2020-03-28,Vermont,50,211,12,623989,33.81469865654683
2020-03-28,Virginia,51,740,17,8535519,8.669654417030761
2020-03-28,Washington,53,4311,191,7614893,56.61274557633312
2020-03-28,West Virginia,54,113,0,1792065,6.30557485359069
2020-03-28,Wisconsin,55,1042,17,5822434,17.896295604209513
2020-03-28,Wyoming,56,84,0,578759,14.513813176123396
